No,Reference,SMP name,SMILES,Molar Ratio,Tg,Glassy Modulus(GPa),Rubbery Modulus (MPa),Lower Temp.,Highest Temp,,,
1,"Castro et al. 
2010[1]",tba & PEGDMA,"{C=C(C)C(=O)OCCCC, C=C(C)C(=O)OCCOC(=O)C(=C)C}",0.61:0.39,49.36,1.3,4,-,-,,,
2,Cuminet et al 2023[2],vm-RvOH,"{C(=C\c3cc(OCC1CO1)cc(OCC2CO2)c3)/c5ccc(OCC4CO4)cc5, O=C(O)C(F)(F)Oc2ccc(/C=C/c1cc(OC(F)(F)C(=O)O)cc(OC(F)(F)C(=O)O)c1)cc2}",0.5:0.5,117,2.1,46,-,-,,,
3,Yakacki et al 2008[3],MMA-co-PEGDMA,"{C=C(C)C(=O)OC, C=C(C)C(=O)OCCOC(=O)C(=C)C}",0.91:0.09,56,8.721,12.6,-,-,,,
4,"Lessard et al, 2019[4]",PMMA vitrimer,"{C=C(C)C(=O)OC, C=C(C)C(=O)OCCOC(=O)CC(C)=O}",0.9:0.1,110,1.078,-,-,-,,,
5,"Wu et al, 2019[5]",DLP SMP #3,"{C=C(C)C(=O)OCCCC, C=CC(=O)OCCCCCCOC(=O)C=C}",0.8:0.2,58.8,1.476,46.7,-,-,,,
6,"Liu et al, 2006[6]", P(MMA-co-VP)/PEG,"{C=C(C)C(=O)OCCCC, C=CN1CCCC1=O, C=C(C)C(=O)OCCOC(=O)C(C)C}",0.34:0.21:0.45,72,8.891,6.827,52,92,,,
7,"Xiao et al, 2015[7]",Polymide,"{CC(C)(c3ccc(Oc2ccc1c(=O)oc(=O)c1c2)cc3)c6ccc(Oc5ccc4c(=O)oc(=O)c4c5)cc6, Nc2ccc(Oc1ccc(N)cc1)cc2}",0.5:0.5,238,1.407,7.6,218,258,,,
8,"Lin and Chen,1999[10]",A1,"{O=C=Nc2ccc(Cc1ccc(N=C=O)cc1)cc2, COCCCCOC(=O)CCCCC(=O)OCCCCOC(=O)CCCCC(=O)OCCCCOC(=O)CCCCC(C)=O, C=C(C)CCCCC(=O)O}",0.55:0.27:0.18,10.79,9.391,1.4,,,,,
9,"Choong et al , 2016[11]",tba-DEGDA(60-40),"{C=C(C)C(=O)OCCCC, C=CC(=O)OCCOCCOC(=O)C=C}",0.71:0.29,69.5,7.259,-,,,,,
10,"Nair et al., 2010[12]",TMPTMP/TATATO,"{CCC(COC(=O)CCS)(COC(=O)CCS)COC(=O)CCS, C=CCn1c(=C)n(CC=C)c(=O)n(CC=C)c1=O}",0.5:0.5,36,7.241,18,,,,,
11,"Barszczewska et al, 2017[13]",MMA-co-TEGDMA,"{C=C(C)C(=O)OC, C=C(C)C(=C)OCCOC(=C)C(=C)C}",1:0,126.1,1.514,1.02,,,,,
12,"Arrietta et al , 2013[14]",Acrylate Polymer,"{C=C(C)C(=O)OCC1CCCCC1, C=C(C)C(=O)OCCOC(=O)C(=C)C}",0.9:0.1,46,8.445,-,,,,,
13,"Zheng et al, 2015 [16]",EPON1,"{CC(C)(c4ccc(OCC(O)COc3ccc(C(C)(C)c2ccc(OCC1CO1)cc2)cc3)cc4)c6ccc(OCC5CO5)cc6, CC(N)COCC(C)N}",0.5:0.5,40,10.67,4,,,,,
14,"Jo et al, 2019 [17]",ESMP-0-21,"{CC(C)(c2ccc(OCC1CC1)cc2)c4ccc(OCC3CO3)cc4, CNc2ccc(Cc1ccc(NC)cc1)cc2}",0.73:0.27,140,2.015,13.6,,,,,
15,"Jo et al, 2019 [17]",ESMP-0-19,"{CC(C)(c2ccc(OCC1CC1)cc2)c4ccc(OCC3CO3)cc4, CNc2ccc(Cc1ccc(NC)cc1)cc2}",0.75:0.25,125.9,3.413,8,,,,,
16,"Choong et al , 2016[19]",tba-DEGDA(90-10),"{C=C(C)C(=O)OCCCC, C=CC(=O)OCCOCCOC(=O)C=C}",0.94:0.06,53.9,9.509,-,40.1,52.3,,,
17,"Choong et al , 2016[19]",tba-DEGDA(50-50),"{C=C(C)C(=O)OCCCC, C=CC(=O)OCCOCCOC(=O)C=C}",0.63:0.37,74.1,8.52,-,,,,,
18,"Lakhera et al, 2012 [20]",tba-co-XLS(10%),"{C=C(C)C(=C)OCOCCOC(=O)C(=C)C, C=C(C)C(=O)OCCOCCOCCOCCOCCOCCOCCOCCOCCOC(=O)C(=C)C, C=CC(=O)OC(C)(C)C}",0.96:0.03:0.01,53.31,8.606,1.85,,,,,
19,"Ortega et al, 2012[21]",tba-co-PEGDMA(10%),"{C=C(C)C(=O)OCCCC, CC(=O)OCCOCCOCCOCCOCCOCCOCCOCCOCCOCCOC(=O)C(C)=O, C=C(C)C(=O)OCCOCCOCCOCCOCCOC(=O)C(C)=O}",0.964:0.02:0.016,56,1.11,3.8,,,,,
20,"Zheng et al, 2015 [16]",EPON4,"{CC(C)(c4ccc(OCC(O)COc3ccc(C(C)(C)c2ccc(OCC1CO1)cc2)cc3)cc4)c6ccc(OCC5CO5)cc6, CC(N)COCC(C)N}",0.67:0.33,80,10.094,14.1,,,,,
21,"Santiago et al, 2016[22]",90-10-FG,"{CC(C)(c4ccc(OCC(O)COc3ccc(C(C)(C)c2ccc(OCC1CO1)cc2)cc3)cc4)c6ccc(OCC5CO5)cc6, CC(N)COCC(C)N, CCNCCN(CCN)CCNCCN(CCNCCN(CC)CCN)CCN(CCNCC)CCN(CC)CCN}",0.81:0.19:0,60,2.878,16,,,,,
22,"Santiago et al, 2016[22]",80-20-FG,"{CC(C)(c4ccc(OCC(O)COc3ccc(C(C)(C)c2ccc(OCC1CO1)cc2)cc3)cc4)c6ccc(OCC5CO5)cc6, CC(N)COCC(C)N, CCNCCN(CCN)CCNCCN(CCNCCN(CC)CCN)CCN(CCNCC)CCN(CC)CCN}",0.83:0.16:0.01,68,2.88,17,,,,,
23,"Santiago et al, 2016[22]",50-50-FG,"{CC(C)(c4ccc(OCC(O)COc3ccc(C(C)(C)c2ccc(OCC1CO1)cc2)cc3)cc4)c6ccc(OCC5CO5)cc6, CC(N)COCC(C)N, CCNCCN(CCN)CCNCCN(CCNCCN(CC)CCN)CCN(CCNCC)CCN(CC)CCN}",0.88:0.1:0.02,96,3.11,34,,,,,
24,"Santiago et al, 2016[22]",30-70-FG,"{CC(C)(c4ccc(OCC(O)COc3ccc(C(C)(C)c2ccc(OCC1CO1)cc2)cc3)cc4)c6ccc(OCC5CO5)cc6, CC(N)COCC(C)N, CCNCCN(CCN)CCNCCN(CCNCCN(CC)CCN)CCN(CCNCC)CCN(CC)CCN}",0.91:0.06:0.03,117,28.58,52,,,,,
25,"Rimdusit et al, 2013[24]",ENDB1/1/1,"{CC(COc3ccc(C(C)(C)c2ccc(OCC1CO1)cc2)cc3)COc6ccc(C(C)(C)c5ccc(OCC4CO4)cc5)cc6, CC(C)(COCC1CO1)COCC2CO2, CC(N)COCC(C)N}",0.33:0.33:0.33,47,3.18,21.2,,,,,
26,"Rimdusit et al, 2013[24]",ENDB1/1/0.8/0.2,"{CC(COc3ccc(C(C)(C)c2ccc(OCC1CO1)cc2)cc3)COc6ccc(C(C)(C)c5ccc(OCC4CO4)cc5)cc6, CC(C)(COCC1CO1)COCC2CO2, CC(N)COCC(C)N, CC(C)(c3ccc(C2COCN(c1ccccc1)C2)cc3)c6ccc5CCN(c4ccccc4)Cc5c6}",0.33:0.33:0.27:0.07,72,3.9,26.9,,,,,
27,"Rimdusit et al, 2013[24]",ENDB1/1/0.6/0.4,"{CC(COc3ccc(C(C)(C)c2ccc(OCC1CO1)cc2)cc3)COc6ccc(C(C)(C)c5ccc(OCC4CO4)cc5)cc6, CC(C)(COCC1CO1)COCC2CO2, CC(N)COCC(C)N, CC(C)(c3ccc(C2COCN(c1ccccc1)C2)cc3)c6ccc5CCN(c4ccccc4)Cc5c6}",0.33:0.33:0.2:0.13,80,4.34,34.44,,,,,
28,"Rimdusit et al, 2013[24]",ENDB1/1/0.2/0.8,"{CC(COc3ccc(C(C)(C)c2ccc(OCC1CO1)cc2)cc3)COc6ccc(C(C)(C)c5ccc(OCC4CO4)cc5)cc6, CC(C)(COCC1CO1)COCC2CO2, CC(N)COCC(C)N, CC(C)(c3ccc(C2COCN(c1ccccc1)C2)cc3)c6ccc5CCN(c4ccccc4)Cc5c6}",0.33:0.33:0.07:0.27,92,4.62,39.48,,,,,
29,"Rimdusit et al, 2013[24]",ENDB1/1/0.4/0.6,"{CC(COc3ccc(C(C)(C)c2ccc(OCC1CO1)cc2)cc3)COc6ccc(C(C)(C)c5ccc(OCC4CO4)cc5)cc6, CC(C)(COCC1CO1)COCC2CO2, CC(N)COCC(C)N, CC(C)(c3ccc(C2COCN(c1ccccc1)C2)cc3)c6ccc5CCN(c4ccccc4)Cc5c6}",0.33:0.33:0.13:0.2,85,4.44,38.95,,,,,
30,"Cheng et al , 2020[25]",DER-NMA-0.1TEOA,"{CC(C)(c2ccc(OCC1CO1)cc2)c4ccc(OCC3CO3)cc4,  CC2=CC(C)(C)C1C(=O)OC(=O)C1C2C, OCCN(CCO)CCO}",0.476:0.476:0.048,134.09,2.251,17,,,,,
31,"Yang et al , 2020[26]",ESO-FPA0.6,"{CCCCCCCCC1OC1CCCCCCCC(=O)OCC(COC(=O)CCCCCCCC2OC2CC3OC3CCCCC)OC(=O)CCCCCCCC4OC4CCCCCCCC, C=C(C(C)C)C3CC2C(C)(CCC1C(C)(C)CCCC12C)C(C)C3C}",0.6:0.4,45,1.05,-,,,,,
32,"Yang et al , 2020[26]",ESO-FPA1.0,"{CCCCCCCCC1OC1CCCCCCCC(=O)OCC(COC(=O)CCCCCCCC2OC2CC3OC3CCCCC)OC(=O)CCCCCCCC4OC4CCCCCCCC, C=C(C(C)C)C3CC2C(C)(CCC1C(C)(C)CCCC12C)C(C)C3C}",0.5:0.5,65,1.054,-,,,,,
33,"Arnebold et al, 2016[27]",Epoxy- PPDL(90-10),"{O=C(OCC2CCC1OC1C2)C4CCC3OC3C4, O=C(CCCCCCCCCCCCCCO)OCCOC(=O)CCCCCCCCCCCCCCCCO}",0.99:0.01,163,2.27,690,,,,,
34,"Arnebold et al, 2017[27]",Epoxy- PPDL(80-20),"{O=C(OCC2CCC1OC1C2)C4CCC3OC3C4, O=C(CCCCCCCCCCCCCCO)OCCOC(=O)CCCCCCCCCCCCCCCCO}",0.98:0.02,143,1.54,320,,,,,
35,"Arnebold et al, 2017[27]",Epoxy- PPDL(70-30),"{O=C(OCC2CCC1OC1C2)C4CCC3OC3C4, O=C(CCCCCCCCCCCCCCO)OCCOC(=O)CCCCCCCCCCCCCCCCO}",0.97:0.03,105,1.29,50,,,,,
36,"Arnebold et al, 2016[27]",Epoxy- PPDL(50-50),"{O=C(OCC2CCC1OC1C2)C4CCC3OC3C4, O=C(CCCCCCCCCCCCCCO)OCCOC(=O)CCCCCCCCCCCCCCCCO}",0.94:0.06,60,0.66,1,,,,,
37,"Arnebold et al, 2017[27]",Epoxy- PCL(50-50),"{O=C(OCC2CCC1OC1C2)C4CCC3OC3C4, O=C(CCCCCO)OCCCCOC(=O)CCCCCO}",0.94:0.06,28,0.21,3,,,,,
38,"Arnebold et al, 2017[27]",Epoxy- PCL(60-40),"{O=C(OCC2CCC1OC1C2)C4CCC3OC3C4, O=C(CCCCCO)OCCCCOC(=O)CCCCCO}",0.96:0.04,62,0.15,9,,,,,
39,"Arnebold et al, 2016[27]",Epoxy- PCL(70-30),"{O=C(OCC2CCC1OC1C2)C4CCC3OC3C4, O=C(CCCCCO)OCCCCOC(=O)CCCCCO}",0.98:0.02,85,0.43,30,,,,,
40,"Arnebold et al, 2016[27]",Epoxy- PCL(90-10),"{O=C(OCC2CCC1OC1C2)C4CCC3OC3C4, O=C(CCCCCO)OCCCCOC(=O)CCCCCO}",0.99:0.01,128,1.5,370,,,,,
41,"Chen et al, 2018[28]",EVC1S9,"{CC(C)(c2ccc(OCC1CC1)cc2)c4ccc(OCC3CO3)cc4,O=C(O)CCCCCCCCC(=O)O, O=C(O)CCCCCCCCC(=O)O, O=C(O)C1CCC(C(=O)O)CC1}",0.5:0.45:0.05,36.2,1.768,-,,,,,
42,"Chen et al, 2018[28]",EVC2S8,"{CC(C)(c2ccc(OCC1CC1)cc2)c4ccc(OCC3CO3)cc4,O=C(O)CCCCCCCCC(=O)O, O=C(O)CCCCCCCCC(=O)O, O=C(O)C1CCC(C(=O)O)CC1}",0.5:0.4:0.1,40.9,1.865,-,,,,,
43,"Jo et al, 2018 [29]",D230-0-1,"{CC(C)(c4ccc(OCC(O)COc3ccc(C(C)(C)c2ccc(OCC1CO1)cc2)cc3)cc4)c6ccc(OCC5CO5)cc6, Nc2ccc(Cc1ccc(N)cc1)cc2}",0.758:0.242,104.5,2.839,4,,,,,
44,"Jo et al, 2018 [29]",D230-0-2,"{CC(C)(c4ccc(OCC(O)COc3ccc(C(C)(C)c2ccc(OCC1CO1)cc2)cc3)cc4)c6ccc(OCC5CO5)cc6, Nc2ccc(Cc1ccc(N)cc1)cc2}",0.74:0.27,125.9,2.413,8,,,,,
45,"Jo et al, 2018 [29]",D230-9,"{CC(C)(c4ccc(OCC(O)COc3ccc(C(C)(C)c2ccc(OCC1CO1)cc2)cc3)cc4)c6ccc(OCC5CO5)cc6, Nc2ccc(Cc1ccc(N)cc1)cc2, CC(N)COCC(C)N }",0.71:0.23:0.07,133.1,2.389,13,,,,,
46,"Jo et al, 2018 [29]",D230-20,"{CC(C)(c4ccc(OCC(O)COc3ccc(C(C)(C)c2ccc(OCC1CO1)cc2)cc3)cc4)c6ccc(OCC5CO5)cc6, Nc2ccc(Cc1ccc(N)cc1)cc2, CC(N)COCC(C)N }",0.66:0.21,155.9,1.628,27.2,,,,,
47,"Jo et al, 2018 [29]",D400-3,"{CC(C)(c4ccc(OCC(O)COc3ccc(C(C)(C)c2ccc(OCC1CO1)cc2)cc3)cc4)c6ccc(OCC5CO5)cc6, Nc2ccc(Cc1ccc(N)cc1)cc2, CC(N)COCC(C)N }",0.74:0.24,112,2.644,6.1,,,,,
48,"Jo et al, 2018 [29]",D400-8,"{CC(C)(c4ccc(OCC(O)COc3ccc(C(C)(C)c2ccc(OCC1CO1)cc2)cc3)cc4)c6ccc(OCC5CO5)cc6, Nc2ccc(Cc1ccc(N)cc1)cc2, CC(N)COCC(C)N }",0.71:0.23,118.6,2.367,10.6,,,,,
49,"Jo et al, 2018 [29]",D400-14,"{CC(C)(c4ccc(OCC(O)COc3ccc(C(C)(C)c2ccc(OCC1CO1)cc2)cc3)cc4)c6ccc(OCC5CO5)cc6, Nc2ccc(Cc1ccc(N)cc1)cc2, CC(N)COCC(C)N }",0.68:0.22,128.4,1.889,16.8,,,,,
50,"Xie et al, 2009[30]",Ref,"{CC(C)(c2ccc(OCC1CO1)cc2)c4ccc(OCC3CO3)cc4, CC(N)COCC(C)OCC(C)OCC(C)N }",0.67:0.33,93.4,9.071,,,,,,
51,"Rousseau et al, 2010 [32]",E25-NGDE,"{OC(COc3ccc(c2ccc(OCC1CO1)cc2)cc3)COc6ccc(c5ccc(OCC4CO4)cc5)cc6, CC(N)COCC(C)N, CC(OCC1CO1)C(C)(C)COCC2CO2}",0.048:0.367:0.585,31.4,1.956,4.5,,,,,
52,"Rousseau et al, 2010 [32]",E50-NGDE,"{OC(COc3ccc(c2ccc(OCC1CO1)cc2)cc3)COc6ccc(c5ccc(OCC4CO4)cc5)cc6, CC(N)COCC(C)N, CC(OCC1CO1)C(C)(C)COCC2CO2}",0.12:0.44:0.44,48.1,1.752,9.46,,,,,
53,"Rousseau et al, 2010 [32]",E75-NGDE,"{OC(COc3ccc(c2ccc(OCC1CO1)cc2)cc3)COc6ccc(c5ccc(OCC4CO4)cc5)cc6, CC(N)COCC(C)N, CC(OCC1CO1)C(C)(C)COCC2CO2}",0.2:0.52:0.28,72,2.868,14.34,,,,,
54,"Rousseau et al, 2010 [32]",E100-NGDE,"{OC(COc3ccc(c2ccc(OCC1CO1)cc2)cc3)COc6ccc(c5ccc(OCC4CO4)cc5)cc6, CC(N)COCC(C)N}",0.34:0.66,93.1,2.699,18.89,,,,,
55,"Santiago et al, 2016[22]",60-40-FG,"{CC(C)(c4ccc(OCC(O)COc3ccc(C(C)(C)c2ccc(OCC1CO1)cc2)cc3)cc4)c6ccc(OCC5CO5)cc6, CC(N)COCC(C)N, CCNCCN(CCN)CCNCCN(CCNCCN(CC)CCN)CCN(CCNCC)CCN(CC)CCN}",0.86:0.12:0.02,68,3.149,29,,,,,
56,"Xu et al, 2009[33]",HYPU0-1,"{CCO[Si](CCCN(CCOC(=O)CCO)CCOC(=O)CCO)(OCC)OCC, CC1(C)CC(N=C=O)CC(C)(N=C=O)C1}",0.5:0.5,57,2.25,16.34,,,,,
57,"Xu et al, 2009[33]",HYPU1-4,"{CCO[Si](CCCN(CCOC(=O)CCO)CCOC(=O)CCO)(OCC)OCC, CC1(C)CC(N=C=O)CC(C)(N=C=O)C1, OCCOCCOCCOCCOCCOCCOCCOCCOCCOCCO}",0.17:0.17:0.67,50.5,2.14,13.71,,,,,
58,"Xu et al, 2009[33]",HYPU1-2,"{CCO[Si](CCCN(CCOC(=O)CCO)CCOC(=O)CCO)(OCC)OCC, CC1(C)CC(N=C=O)CC(C)(N=C=O)C1, OCCOCCOCCOCCOCCOCCOCCOCCOCCOCCO}",0.25:0.25:0.5,47.5,1.885,8.762,,,,,
59,"Xu et al, 2009[33]",HYPU1-1,"{CCO[Si](CCCN(CCOC(=O)CCO)CCOC(=O)CCO)(OCC)OCC, CC1(C)CC(N=C=O)CC(C)(N=C=O)C1, OCCOCCOCCOCCOCCOCCOCCOCCOCCOCCO}",0.33:0.33:0.33,35.9,1.54,3.85,,,,,
60,Yakacki et al 2008[3],MMA-co-PEGDMA,"{C=C(C)C(=O)OC, C=C(C)C(=O)OCCOC(=O)C(=C)C}",0.85:0.15,76,9.046,12.8,,,,,
61,Yakacki et al 2008[3],MMA-co-PEGDMA,"{C=C(C)C(=O)OC, C=C(C)C(=O)OCCOC(=O)C(=C)C}",0.71:0.29,92,9.155,11.3,,,,,
62,"Barszczewska et al, 2017[13]",MMA-co-TEGDMA,"{C=C(C)C(=O)OC, C=C(C)C(=O)OCCOCCOCCOC(=O)C(=C)C}",1:0,126.3,1.514,3.63,,,,,
63,"Barszczewska et al, 2017[13]",MMA-co-TEGDMA,"{C=C(C)C(=O)OC, C=C(C)C(=O)OCCOCCOCCOC(=O)C(=C)C}",0.99:0.01,128.6,1.549,5.24,,,,,
64,"Barszczewska et al, 2017[13]",MMA-co-TEGDMA,"{C=C(C)C(=O)OC, C=C(C)C(=O)OCCOCCOCCOC(=O)C(=C)C}",0.98:0.02,131.7,1.1482,8.9,,,,,
65,"Barszczewska et al, 2017[13]",MMA-co-TEGDMA,"{C=C(C)C(=O)OC, C=C(C)C(=O)OCCOCCOCCOC(=O)C(=C)C}",0.96:0.04,135.8,1.288,19.48,,,,,
66,"Barszczewska et al, 2017[13]",MMA-co-TEGDMA,"{C=C(C)C(=O)OC, C=C(C)C(=O)OCCOCCOCCOC(=O)C(=C)C}",0.92:0.08,144.5,1.585,53.41,,,,,
67,"Nair et al., 2010[12]",tba/PEGDMA,"{C=C(C)C(=O)OCCCC, C=C(C)C(=O)OCCOC(=O)C(=C)C}",0.5:0.5,35,6.858,23,,,,,
68,"Grishchuck et al., 2011 [34]",EP(DETA)-Ref,"{CC(C)(c2ccc(OCC1CC1)cc2)c4ccc(OCC3CO3)cc4, NCCNCCN}",0.67:0.33,130,6.162,33,,,,,
69,"Grishchuck et al., 2011 [34]",EP(DETA/DDM)-Ref,"{CC(C)(c2ccc(OCC1CC1)cc2)c4ccc(OCC3CO3)cc4, NCCNCCN, Nc2ccc(Cc1ccc(N)cc1)cc2}",0.67:0.17:0.17,155,6.034,41,,,,,
70,"Grishchuck et al., 2011 [34]",EP(DDM)-Ref,"{CC(C)(c2ccc(OCC1CC1)cc2)c4ccc(OCC3CO3)cc4, Nc2ccc(Cc1ccc(N)cc1)cc2}",0.67:0.33,174,5.966,43,,,,,
71,"Grishchuck et al., 2011 [34]",EP(DETA)/BOX 75/25,"{CC(C)(c2ccc(OCC1CC1)cc2)c4ccc(OCC3CO3)cc4,NCCNCCN}",0.56:0.28:0.16,134,6.07,28,,,,,
72,"Grishchuck et al., 2011 [34]",EP(DDM)/BOX 75/25,"{CC(C)(c2ccc(OCC1CC1)cc2)c4ccc(OCC3CO3)cc4,NCCNCCN,Nc2ccc(Cc1ccc(N)cc1)cc2}",0.55:0.28:0.17,164,6.632,30,,,,,
73,"Grishchuck et al., 2012 [35]",DGEBA/BOX(75/25),"{ CC(C)(c2ccc(OCC1CO1)cc2)c4ccc(OCC3CO3)cc4,NCCNCCN }",0.75:0.25,164,3.725,30,,,,,
74,"Grishchuck et al., 2012 [35]",DGEBA/BOX(50/50),"{ CC(C)(c2ccc(OCC1CO1)cc2)c4ccc(OCC3CO3)cc4, NCCNCCN, Nc2ccc(Cc1ccc(N)cc1)cc2}",0.5:0.5,173,4.2,30,,,,,
75,"Grishchuck et al., 2012 [35]",DGEBA/BOX/ETBN(67.5/22.5/10),"{ CC(C)(c2ccc(OCC1CO1)cc2)c4ccc(OCC3CO3)cc4, Nc2ccc(Cc1ccc(N)cc1)cc2}",0.68:0.23:0.1,159,4.024,24,,,,,
76,"Grishchuck et al., 2012 [35]",DGEBA/BOX/ETBN(45/45/10),"{ CC(C)(c2ccc(OCC1CO1)cc2)c4ccc(OCC3CO3)cc4, NCCNCCN, CC(C)(c3ccc2OCN(c1ccccc1)Cc2c3)c6ccc5CN(c4ccccc4)COc5c6}",0.45:0.45:0.1,157,3.251,16,,,,,
77,"Grishchuck et al., 2012 [35]",DGEBA/BOX/ETBN(42.5/42.5/10),"{ CC(C)(c2ccc(OCC1CO1)cc2)c4ccc(OCC3CO3)cc4, Nc2ccc(Cc1ccc(N)cc1)cc2, CC(C)(c3ccc2OCN(c1ccccc1)Cc2c3)c6ccc5CN(c4ccccc4)COc5c6}",0.43:0.43:0.15,150,3.371,15,,,,,
78,"Grishchuck et al., 2012 [35]",DGEBA/BOX/ETBN(40/40/20),"{ CC(C)(c2ccc(OCC1CO1)cc2)c4ccc(OCC3CO3)cc4, CC(C)(c3ccc2OCN(c1ccccc1)Cc2c3)c6ccc5OCN(c4ccccc4)Cc5c6}",0.4:0.4:0.2,147,3.098,14,,,,,
79,"Grishchuck et al., 2012 [35]",DGEBA/BOX(25/75),"{ CC(C)(c2ccc(OCC1CO1)cc2)c4ccc(OCC3CO3)cc4, CC(C)(c3ccc2OCN(c1ccccc1)Cc2c3)c6ccc5OCN(c4ccccc4)Cc5c6,CC(C/C=C\CC(=O)OCC(O)COc3ccc(C(C)(C)c2ccc(OCC1CO1)cc2)cc3)C(=O)OCC(O)COc6ccc(C(C)(C)c5ccc(OCC4CO4)cc5)cc6}",0.25:0.75,183,4.405,30,,,,,
80,"Grishchuck et al., 2012 [35]",DGEBA/BOX/ETBN(22.5/67.5/10),"{ CC(C)(c2ccc(OCC1CO1)cc2)c4ccc(OCC3CO3)cc4,CC(C)(c3ccc2OCN(c1ccccc1)Cc2c3)c6ccc5OCN(c4ccccc4)Cc5c6}",0.23:0.68:0.1,173,4.024,24,,,,,
81,"Grishchuck et al., 2012 [35]",TGPAP/BOX(50/50),"{ CC(C)(c2ccc(OCC1CO1)cc2)c4ccc(OCC3CO3)cc4, CC(C)(c3ccc2OCN(c1ccccc1)Cc2c3)c6ccc5OCN(c4ccccc4)Cc5c6,CC(C/C=C\CC(=O)OCC(O)COc3ccc(C(C)(C)c2ccc(OCC1CO1)cc2)cc3)C(=O)OCC(O)COc6ccc(C(C)(C)c5ccc(OCC4CO4)cc5)cc6}",0.5:0.5,191,4.436,55,,,,,
82,"Grishchuck et al., 2012 [35]",TGPAP/BOX/ETBN(45/45/10),"{ CC(C)(c2ccc(OCC1CO1)cc2)c4ccc(OCC3CO3)cc4,CC(C)(c3ccc2OCN(c1ccccc1)Cc2c3)c6ccc5OCN(c4ccccc4)Cc5c6,CC(C/C=C\CC(=O)OCC(O)COc3ccc(C(C)(C)c2ccc(OCC1CO1)cc2)cc3)C(=O)OCC(O)COc6ccc(C(C)(C)c5ccc(OCC4CO4)cc5)cc6}",0.45:0.45:0.1,185,4,38,,,,,
83,"Grishchuck et al., 2012 [35]",TGDDM/BOX(50/50),"{ CC(C)(c2ccc(OCC1CO1)cc2)c4ccc(OCC3CO3)cc4, CC(C)(c3ccc2OCN(c1ccccc1)Cc2c3)c6ccc5OCN(c4ccccc4)Cc5c6,CC(C/C=C\CC(=O)OCC(O)COc3ccc(C(C)(C)c2ccc(OCC1CO1)cc2)cc3)C(=O)OCC(O)COc6ccc(C(C)(C)c5ccc(OCC4CO4)cc5)cc6}",0.5:0.5,191,4.508,59,,,,,
84,"Grishchuck et al., 2012 [35]",TGDDM/BOX/ETBN(45/45/10),"{ CC(C)(c2ccc(OCC1CO1)cc2)c4ccc(OCC3CO3)cc4,CC(C)(c3ccc2OCN(c1ccccc1)Cc2c3)c6ccc5OCN(c4ccccc4)Cc5c6}",0.45:0.45:0.1,185,3.26,46,,,,,
85,"Xiao et al, 2015[7]",Polymide(A1),"{CC(C)(c3ccc(Oc2ccc1c(=O)oc(=O)c1c2)cc3)c6ccc(Oc5ccc4c(=O)oc(=O)c4c5)cc6, Nc2ccc(Oc1ccc(N)cc1)cc2}",0.504:0.496,240,1.58,7.8,220,260,,,
86,"Xiao et al, 2015[7]",Polymide(A2),"{CC(C)(c3ccc(Oc2ccc1c(=O)oc(=O)c1c2)cc3)c6ccc(Oc5ccc4c(=O)oc(=O)c4c5)cc6, Nc2ccc(Oc1ccc(N)cc1)cc2}",0.512:0.488,241,1.492,7.9,221,261,,,
87,"Xiao et al, 2015[7]",Polymide(A3),"{CC(C)(c3ccc(Oc2ccc1c(=O)oc(=O)c1c2)cc3)c6ccc(Oc5ccc4c(=O)oc(=O)c4c5)cc6, Nc2ccc(Oc1ccc(N)cc1)cc2}",0.519:0.481,243,1.465,8.8,223,263,,,
88,"Xiao et al, 2015[7]",Polymide(A4),"{CC(C)(c3ccc(Oc2ccc1c(=O)oc(=O)c1c2)cc3)c6ccc(Oc5ccc4c(=O)oc(=O)c4c5)cc6, Nc2ccc(Oc1ccc(N)cc1)cc2}",0.524:0.476,242,1.673,10.5,222,262,,,
89,"Jo et al, 2019 [17]",ESMP-10-21,"{CC(C)(c2ccc(OCC1CC1)cc2)c4ccc(OCC3CO3)cc4, CC(C)(c2ccc(OCCOCCOCCOCC1CO1)cc2)c4ccc(OCCOCCOCCOCC3CO3)cc4, CNc2ccc(Cc1ccc(NC)cc1)cc2}",0.71:0.04:0.25,138.8,2.326,14.8,,,,,
90,"Jo et al, 2019 [17]",ESMP-20-21,"{CC(C)(c2ccc(OCC1CC1)cc2)c4ccc(OCC3CO3)cc4, CC(C)(c2ccc(OCCOCCOCCOCC1CO1)cc2)c4ccc(OCCOCCOCCOCC3CO3)cc4, CNc2ccc(Cc1ccc(NC)cc1)cc2}",0.66:0.08:0.26,138.8,2.01,15.9,,,,,
91,"Jo et al, 2019 [17]",ESMP-30-21,"{CC(C)(c2ccc(OCC1CC1)cc2)c4ccc(OCC3CO3)cc4, CC(C)(c2ccc(OCCOCCOCCOCC1CO1)cc2)c4ccc(OCCOCCOCCOCC3CO3)cc4, CNc2ccc(Cc1ccc(NC)cc1)cc2}",0.6:0.13:0.27,138.8,1.814,16.7,,,,,
92,"Sunitha et al, 2013 [36]",,"{CC(C)(c2ccc(OCC1CO1)cc2)c4ccc(OCC3CO3)cc4, C#CCCc1ccccc1Cc4cccc(Cc3cccc(Cc2ccccc2CC#C)c3O)c4CCC#C}",0.5:0.5,79,1.044,29.83,,,,,
93,"Leonardi et al, 2011 [37]",,"{CC(C)(c2ccc(OCC1CC1)cc2)c4ccc(OCC3CO3)cc4, CCCCCCCCCCCN, NCc1cccc(CN)c1}",0.55:0.36:0.09,41,1.021,,,,,,
94,"Lin and Chen,1999[10]",A2,"{O=C=Nc2ccc(Cc1ccc(N=C=O)cc1)cc2, COCCCCOC(=O)CCCCC(=O)OCCCCOC(=O)CCCCC(=O)OCCCCOC(=O)CCCCC(C)=O, CCC(CO)(CO)CO}",0.571:0.143:0.286,57.73,9.391,3.85,,,,,
95,"Lin and Chen,1999[10]",A3,"{O=C=Nc2ccc(Cc1ccc(N=C=O)cc1)cc2, COCCCCOC(=O)CCCCC(=O)OCCCCOC(=O)CCCCC(=O)OCCCCOC(=O)CCCCC(C)=O, CCC(CO)(CO)CO}",0.581:0.097:0.322,92.92,9.34,4.96,,,,,
96,"Lin and Chen,1999[10]",A4,"{O=C=Nc2ccc(Cc1ccc(N=C=O)cc1)cc2, COCCCCOC(=O)CCCCC(=O)OCCCCOC(=O)CCCCC(=O)OCCCCOC(=O)CCCCC(C)=O, CCC(CO)(CO)CO}",0.585:0.073:0.341,116.5,9.391,6.56,,,,,
97,"Ariraman et al, 2015[38]",DGEBA/30 wt% BCC,"{N#COc3ccc(CC2CCCC(Cc1ccc(OC#N)cc1)C2)cc3,CC(C)(c2ccc(OCC1CO1)cc2)c4ccc(OCC3CO3)cc4 }",0.7:0.3,110,2.743,5.22,,,,,
98,"Ariraman et al, 2015[38]",DGEBA/40 wt% BCC,"{N#COc3ccc(CC2CCCC(Cc1ccc(OC#N)cc1)C2)cc3,CC(C)(c2ccc(OCC1CO1)cc2)c4ccc(OCC3CO3)cc4 }",0.6:0.4,135,4.586,12.41,,,,,
99,"Ariraman et al, 2015[38]",DGEBA/50 wt% BCC,"{N#COc3ccc(CC2CCCC(Cc1ccc(OC#N)cc1)C2)cc3,CC(C)(c2ccc(OCC1CO1)cc2)c4ccc(OCC3CO3)cc4 }",0.5:0.5,145,6.262,7.83,,,,,
100,"Feldkamp & Rousseau, 2011 [39]",E-148,"{CC(C)(c2ccc(OCC1CO1)cc2)c4ccc(OCC3CO3)cc4, NCCOCCOCCN}",0.67:0.33,102,1.704,23,,,,,
101,"Feldkamp & Rousseau, 2011 [39]",E-176,"{CC(C)(c2ccc(OCC1CO1)cc2)c4ccc(OCC3CO3)cc4, NCCCOCCOCCCN}",0.667:0.333,96,1.706,24.3,,,,,
102,"Feldkamp & Rousseau, 2011 [39]",E-230,"{CC(C)(c2ccc(OCC1CO1)cc2)c4ccc(OCC3CO3)cc4, CC(N)COCC(C)OCC(C)OCC(C)N}",0.676:0.324,95,2.163,14.3,,,,,
103,"Feldkamp & Rousseau, 2011 [39]",E-230(a),"{CC(C)(c2ccc(OCC1CO1)cc2)c4ccc(OCC3CO3)cc4, CC(N)COCC(C)OCC(C)OCC(C)N}",0.6774:0.3226,93,1.236,14.1,,,,,
104,"Feldkamp & Rousseau, 2011 [39]",E-230(b),"{CC(C)(c2ccc(OCC1CO1)cc2)c4ccc(OCC3CO3)cc4, CC(N)COCC(C)OCC(C)OCC(C)N}",0.6875:0.3125,88,1.798,11.7,,,,,
105,"Feldkamp & Rousseau, 2011 [39]",E-230(c),"{CC(C)(c2ccc(OCC1CO1)cc2)c4ccc(OCC3CO3)cc4, CC(N)COCC(C)OCC(C)OCC(C)N}",0.7127:0.2873,76,2.651,6.3,,,,,
106,"Feldkamp & Rousseau, 2011 [39]",E-230(07)nDA,"{CC(C)(c2ccc(OCC1CO1)cc2)c4ccc(OCC3CO3)cc4, CC(N)COCC(C)OCC(C)OCC(C)N, CCCCCCCCCN}",0.612:0.235:0.153,83,2.146,9.7,,,,,
107,"Feldkamp & Rousseau, 2011 [39]",E-230(17)nDA,"{CC(C)(c2ccc(OCC1CO1)cc2)c4ccc(OCC3CO3)cc4, CC(N)COCC(C)OCC(C)OCC(C)N, CCCCCCCCCN}",0.58:0.157:0.263,73,2.073,8.3,,,,,
108,"Feldkamp & Rousseau, 2011 [39]",E-230(60)nDA,"{CC(C)(c2ccc(OCC1CO1)cc2)c4ccc(OCC3CO3)cc4, CC(N)COCC(C)OCC(C)OCC(C)N, CCCCCCCCCN}",0.533:0.067:0.4,58,1.236,2.4,,,,,
109,"Feldkamp & Rousseau, 2011 [39]",E-230(17)tDA,"{CC(C)(c2ccc(OCC1CO1)cc2)c4ccc(OCC3CO3)cc4, CC(N)COCC(C)OCC(C)OCC(C)N, CC(C)(C)N}",0.578:0.158:0.264,87,2.536,5.1,,,,,
110,"Feldkamp & Rousseau, 2011 [39]",E-230(17)nBA,"{CC(C)(c2ccc(OCC1CO1)cc2)c4ccc(OCC3CO3)cc4, CC(N)COCC(C)OCC(C)OCC(C)N, CC(C)(C)N}",0.578:0.158:0.264,81,2.233,7.4,,,,,
111,"Feldkamp & Rousseau, 2011 [39]",E-230(17)nHA,"{CC(C)(c2ccc(OCC1CO1)cc2)c4ccc(OCC3CO3)cc4, CC(N)COCC(C)OCC(C)OCC(C)N, CCCCCCCCCCCCCCCN}",0.626:0.141:0.234,62,1.928,6.4,,,,,
112,"Feldkamp & Rousseau, 2011 [39]",D-148(10)230,"{CC(C)(c2ccc(OCC1CO1)cc2)c4ccc(OCC3CO3)cc4, NCCOCCOCCN, CC(N)COCC(C)OCC(C)OCC(C)N}",0.655:0.031:0.314,97,2.14,19.7,,,,,
113,"Feldkamp & Rousseau, 2011 [39]",D-148(1)400,"{CC(C)(c2ccc(OCC1CO1)cc2)c4ccc(OCC3CO3)cc4, NCCOCCOCCN, CC(N)COCC(C)OCC(C)OCC(C)OCC(C)OCC(C)OCC(C)N}",0.655:0.157:0.188,72,2.157,14.5,,,,,
114,"Feldkamp & Rousseau, 2011 [39]",D-148(002)230,"{CC(C)(c2ccc(OCC1CO1)cc2)c4ccc(OCC3CO3)cc4, NCCOCCOCCN, CC(N)COCC(C)OCC(C)OCC(C)N}",0.655:0.338:0.007,102,1.705,26.4,,,,,
115,"Feldkamp & Rousseau, 2011 [39]",D-148(002)400,"{CC(C)(c2ccc(OCC1CO1)cc2)c4ccc(OCC3CO3)cc4, NCCOCCOCCN, CC(N)COCC(C)OCC(C)OCC(C)OCC(C)OCC(C)OCC(C)N}",0.655:0.338:0.007,101,1.802,25.7,,,,,
116,"Feldkamp & Rousseau, 2011 [39]",D-148(002)2000,"{CC(C)(c2ccc(OCC1CO1)cc2)c4ccc(OCC3CO3)cc4, NCCOCCOCCN, CC(N)COCC(C)OCC(C)OCC(C)OCC(C)OCC(C)OCC(C)N}",0.655:0.338:0.007,96,1.713,22.6,,,,,
117,"Feldkamp & Rousseau, 2011 [39]",D-403(1)403,"{CC(C)(c2ccc(OCC1CO1)cc2)c4ccc(OCC3CO3)cc4, CCC(COCC(C)OCC(C)N)(COCC(C)OCC(C)N)COCC(C)OCC(C)N}",0.7403:0.2597,81,2.178,13.9,,,,,
118,"Feldkamp & Rousseau, 2011 [39]",E-148(1)900,"{CC(C)(c2ccc(OCC1CO1)cc2)c4ccc(OCC3CO3)cc4, CCC(COCC(C)OCC(C)N)(COCC(C)OCC(C)N)COCC(C)OCC(C)N, CC(N)COCC(C)OCC(C)OCC(C)OCCOCCOCCOCCOCCOCCOCCOCCOCCOCCOCCOCCOCC(C)OCC(C)OCC(C)N}",0.667:0.165:0.168,37,1.839,10,,,,,
119,"Feldkamp & Rousseau, 2011 [39]",E-148(05)900,"{CC(C)(c2ccc(OCC1CO1)cc2)c4ccc(OCC3CO3)cc4, CCC(COCC(C)OCC(C)N)(COCC(C)OCC(C)N)COCC(C)OCC(C)N, CC(N)COCC(C)OCC(C)OCC(C)OCCOCCOCCOCCOCCOCCOCCOCCOCCOCCOCCOCCOCC(C)OCC(C)OCC(C)N}",0.669:0.222:0.109,54,2.279,12.1,,,,,
120,"Feldkamp & Rousseau, 2011 [39]",E-148(03)900,"{CC(C)(c2ccc(OCC1CO1)cc2)c4ccc(OCC3CO3)cc4, CCC(COCC(C)OCC(C)N)(COCC(C)OCC(C)N)COCC(C)OCC(C)N, CC(N)COCC(C)OCC(C)OCC(C)OCCOCCOCCOCCOCCOCCOCCOCCOCCOCCOCCOCCOCC(C)OCC(C)OCC(C)N}",0.6666:0.2488:0.0846,62,1.953,16.7,,,,,
121,"Feldkamp & Rousseau, 2011 [39]",E-148(02)900,"{CC(C)(c2ccc(OCC1CO1)cc2)c4ccc(OCC3CO3)cc4, CCC(COCC(C)OCC(C)N)(COCC(C)OCC(C)N)COCC(C)OCC(C)N, CC(N)COCC(C)OCC(C)OCC(C)OCCOCCOCCOCCOCCOCCOCCOCCOCCOCCOCCOCCOCC(C)OCC(C)OCC(C)N}",0.654:0.277:0.069,66,1.873,16.9,,,,,
122,"Feldkamp & Rousseau, 2011 [39]",D-148(03)900,"{CC(C)(c2ccc(OCC1CO1)cc2)c4ccc(OCC3CO3)cc4, CCC(COCC(C)OCC(C)N)(COCC(C)OCC(C)N)COCC(C)OCC(C)N, CC(N)COCC(C)OCC(C)OCC(C)OCCOCCOCCOCCOCCOCCOCCOCCOCCOCCOCCOCCOCC(C)OCC(C)OCC(C)N}",0.654:0.262:0.084,64,2.185,18.1,,,,,
123,"Feldkamp & Rousseau, 2011 [39]",D-148(01)2003,"{CC(C)(c2ccc(OCC1CO1)cc2)c4ccc(OCC3CO3)cc4, CCC(COCC(C)OCC(C)N)(COCC(C)OCC(C)N)COCC(C)OCC(C)N, CC(N)COCC(C)OCC(C)OCC(C)OCC(C)OCC(C)OCC(C)OCCOCCOCCOCCOCCOCCOCCOCCOCCOCCOCCOCCOCCOCCOCCOCCOCCOCCOCCOCCOCCOCCOCCOCCOCCOCCOCCOCCOCC(C)OCC(C)OCC(C)OCC(C)OCC(C)N}",0.655:0.308:0.037,63,2.258,18.3,,,,,
124,"Feldkamp & Rousseau, 2011 [39]",D-148(002)900,"{CC(C)(c2ccc(OCC1CO1)cc2)c4ccc(OCC3CO3)cc4, CCC(COCC(C)OCC(C)N)(COCC(C)OCC(C)N)COCC(C)OCC(C)N, CC(N)COCC(C)OCC(C)OCC(C)OCCOCCOCCOCCOCCOCCOCCOCCOCCOCCOCCOCCOCC(C)OCC(C)OCC(C)N}",0.655:0.338:0.007,99,1.752,24.9,,,,,
125,"Feldkamp & Rousseau, 2011 [39]",D-148(002)2003,"{CC(C)(c2ccc(OCC1CO1)cc2)c4ccc(OCC3CO3)cc4, CCC(COCC(C)OCC(C)N)(COCC(C)OCC(C)N)COCC(C)OCC(C)N, CC(N)COCC(C)OCC(C)OCC(C)OCC(C)OCC(C)OCC(C)OCCOCCOCCOCCOCCOCCOCCOCCOCCOCCOCCOCCOCCOCCOCCOCCOCCOCCOCCOCCOCCOCCOCCOCCOCCOCCOCCOCCOCC(C)OCC(C)OCC(C)OCC(C)OCC(C)N}",0.655:0.338:0.007,93,1.995,22.8,,,,,
126,"Feldkamp & Rousseau, 2011 [39]",D-148(04)M600,"{CC(C)(c2ccc(OCC1CO1)cc2)c4ccc(OCC3CO3)cc4, CCC(COCC(C)OCC(C)N)(COCC(C)OCC(C)N)COCC(C)OCC(C)N, COCCOCCOCCOCCOCCOCCOCCOCCOCCOCCOCCOCCN}",0.617:0.266:0.117,60,2.372,11.3,,,,,
127,"Feldkamp & Rousseau, 2011 [39]",D-148(02)M1000,"{CC(C)(c2ccc(OCC1CO1)cc2)c4ccc(OCC3CO3)cc4, CCC(COCC(C)OCC(C)N)(COCC(C)OCC(C)N)COCC(C)OCC(C)N, COCCOCCOCCOCCOCCOCCOCCOCCOCCOCCOCCOCCOCCOCCOCCOCCOCCOCCOCCOCCOCC(C)N}",0.631:0.298:0.071,57,2.28,15.2,,,,,
128,"Feldkamp & Rousseau, 2011 [39]",D-148(01)M2005,"{CC(C)(c2ccc(OCC1CO1)cc2)c4ccc(OCC3CO3)cc4, CCC(COCC(C)OCC(C)N)(COCC(C)OCC(C)N)COCC(C)OCC(C)N, COCCOCCOCCOCCOCCOCCOCCOCCOCCOCCOCCOCCOCCOCCOCCOCCOCCOCCOCCOCCOCCOCCOCCOCCOCCOCCOCCOCCOCCOCCOCCOCCOCCOCCOCCOCCOCCOCC(C)OCC(C)OCC(C)OCC(C)OCC(C)OCC(C)N}",0.644:0.318:0.038,98,1.294,14.9,,,,,
129,"Feldkamp & Rousseau, 2011 [39]",D-148(01)M2070,"{CC(C)(c2ccc(OCC1CO1)cc2)c4ccc(OCC3CO3)cc4, CCC(COCC(C)OCC(C)N)(COCC(C)OCC(C)N)COCC(C)OCC(C)N, COCCOCCOCCOCCOCCOCCOCCOCCOCCOCCOCCOCCOCCOCCOCCOCCOCCOCCOCCOCCOCCOCCOCCOCCOCCOCCOCCOCCOCCOCCOCCOCCOCCOCC(C)OCC(C)OCC(C)OCC(C)OCC(C)OCC(C)OCC(C)OCC(C)OCC(C)OCC(C)N}",0.644:0.318:0.038,63,2.172,14.5,,,,,
130,"Feldkamp & Rousseau, 2011 [39]",D-148(002)M600,"{CC(C)(c2ccc(OCC1CO1)cc2)c4ccc(OCC3CO3)cc4,  CCC(COCC(C)OCC(C)N)(COCC(C)OCC(C)N)COCC(C)OCC(C)N, COCCOCCOCCOCCOCCOCCOCCOCCOCCOCCOCCOCCN}",0.617:0.319:0.064,98,1.846,25,,,,,
131,"Feldkamp & Rousseau, 2011 [39]",D-148(002)M1000,"{CC(C)(c2ccc(OCC1CO1)cc2)c4ccc(OCC3CO3)cc4, CCC(COCC(C)OCC(C)N)(COCC(C)OCC(C)N)COCC(C)OCC(C)N, COCCOCCOCCOCCOCCOCCOCCOCCOCCOCCOCCOCCOCCOCCOCCOCCOCCOCCOCCOCCOCC(C)N}",0.617:0.319:0.064,95,2.006,25.3,,,,,
132,"Feldkamp & Rousseau, 2011 [39]",D-148(002)M2005,"{CC(C)(c2ccc(OCC1CO1)cc2)c4ccc(OCC3CO3)cc4, CCC(COCC(C)OCC(C)N)(COCC(C)OCC(C)N)COCC(C)OCC(C)N, COCCOCCOCCOCCOCCOCCOCCOCCOCCOCCOCCOCCOCCOCCOCCOCCOCCOCCOCCOCCOCCOCCOCCOCCOCCOCCOCCOCCOCCOCCOCCOCCOCCOCCOCCOCCOCCOCC(C)OCC(C)OCC(C)OCC(C)OCC(C)OCC(C)N}",0.617:0.319:0.064,99,1.636,22.7,,,,,
133,"Feldkamp & Rousseau, 2011 [39]", D-148(002)M2070,"{CC(C)(c2ccc(OCC1CO1)cc2)c4ccc(OCC3CO3)cc4, CCC(COCC(C)OCC(C)N)(COCC(C)OCC(C)N)COCC(C)OCC(C)N, COCCOCCOCCOCCOCCOCCOCCOCCOCCOCCOCCOCCOCCOCCOCCOCCOCCOCCOCCOCCOCCOCCOCCOCCOCCOCCOCCOCCOCCOCCOCCOCCOCCOCC(C)OCC(C)OCC(C)OCC(C)OCC(C)OCC(C)OCC(C)OCC(C)OCC(C)OCC(C)N}",0.617:0.319:0.064,91,2.159,25.5,,,,,
134,"Feldkamp & Rousseau, 2011 [39]",E-230(01)M2005,"{CC(C)(c2ccc(OCC1CO1)cc2)c4ccc(OCC3CO3)cc4, CC(N)COCC(C)OCC(C)OCC(C)N, COCCOCCOCCOCCOCCOCCOCCOCCOCCOCCOCCOCCOCCOCCOCCOCCOCCOCCOCCOCCOCCOCCOCCOCCOCCOCCOCCOCCOCCOCCOCCOCCOCCOCCOCCOCCOCCOCC(C)OCC(C)OCC(C)OCC(C)OCC(C)OCC(C)N}",0.655:0.305:0.04,79,1.538,8.9,,,,,
135,"Feldkamp & Rousseau, 2010 [40]",E-900(1)148,"{CC(C)(c2ccc(OCC1CO1)cc2)c4ccc(OCC3CO3)cc4, CC(N)COCC(C)OCC(C)OCC(C)OCCOCCOCCOCCOCCOCCOCCOCCOCCOCCOCCOCCOCC(C)OCC(C)OCC(C)N, NCCOCCOCCN}",0.5:0.253:0.247,36.5,1.839,10.04,,,,,
136,"Feldkamp & Rousseau, 2010 [40]", E-900(2)148,"{CC(C)(c2ccc(OCC1CO1)cc2)c4ccc(OCC3CO3)cc4, CC(N)COCC(C)OCC(C)OCC(C)OCCOCCOCCOCCOCCOCCOCCOCCOCCOCCOCCOCCOCC(C)OCC(C)OCC(C)N, NCCOCCOCCN}",0.5:0.197:0.303,53.99,2.279,12.05,,,,,
137,"Feldkamp & Rousseau, 2010 [40]",E-900(3)148,"{CC(C)(c2ccc(OCC1CO1)cc2)c4ccc(OCC3CO3)cc4, CC(N)COCC(C)OCC(C)OCC(C)OCCOCCOCCOCCOCCOCCOCCOCCOCCOCCOCCOCCOCC(C)OCC(C)OCC(C)N, NCCOCCOCCN}",0.5:0.127:0.374,61.6,1.953,16.69,,,,,
138,"Feldkamp & Rousseau, 2010 [40]",E-900(1)230,"{CC(C)(c2ccc(OCC1CO1)cc2)c4ccc(OCC3CO3)cc4, CC(N)COCC(C)OCC(C)OCC(C)OCCOCCOCCOCCOCCOCCOCCOCCOCCOCCOCCOCCOCC(C)OCC(C)OCC(C)N, CC(N)COCC(C)OCC(C)OCC(C)N}",0.5:0.248:0.252,38.93,1.606,9.95,,,,,
139,"Feldkamp & Rousseau, 2010 [40]",E-900(2)230,"{CC(C)(c2ccc(OCC1CO1)cc2)c4ccc(OCC3CO3)cc4, CC(N)COCC(C)OCC(C)OCC(C)OCCOCCOCCOCCOCCOCCOCCOCCOCCOCCOCCOCCOCC(C)OCC(C)OCC(C)N, CC(N)COCC(C)OCC(C)OCC(C)N}",0.5:0.168:0.332,54.77,2.191,10.39,,,,,
140,"Feldkamp & Rousseau, 2010 [40]",E-900(3)230,"{CC(C)(c2ccc(OCC1CO1)cc2)c4ccc(OCC3CO3)cc4, CC(N)COCC(C)OCC(C)OCC(C)OCCOCCOCCOCCOCCOCCOCCOCCOCCOCCOCCOCCOCC(C)OCC(C)OCC(C)N, CC(N)COCC(C)OCC(C)OCC(C)N}",0.5:0.124:0.377,63.41,2.242,12.46,,,,,
141,"Feldkamp & Rousseau, 2010 [40]",E-900(4)230,"{CC(C)(c2ccc(OCC1CO1)cc2)c4ccc(OCC3CO3)cc4, CC(N)COCC(C)OCC(C)OCC(C)OCCOCCOCCOCCOCCOCCOCCOCCOCCOCCOCCOCCOCC(C)OCC(C)OCC(C)N, CC(N)COCC(C)OCC(C)OCC(C)N}",0.5:0.1:0.4,66.4,2.038,10.06,,,,,
142,"Feldkamp & Rousseau, 2010 [40]",D-148(04)M600,"{CC(C)(c2ccc(OCC1CO1)cc2)c4ccc(OCC3CO3)cc4, NCCOCCOCCN, COCCOCCOCCOCCOCCOCCOCCOCCOCCOCCOCCOCCN}",0.5:0.346:0.154,60.39,2.372,11.34,,,,,
143,"Feldkamp & Rousseau, 2010 [40]",D-148(02)M1000,"{CC(C)(c2ccc(OCC1CO1)cc2)c4ccc(OCC3CO3)cc4, NCCOCCOCCN, COCCOCCOCCOCCOCCOCCOCCOCCOCCOCCOCCOCCN}",0.5:0.402:0.098,57.07,2.28,15.19,,,,,
144,"Feldkamp & Rousseau, 2010 [40]",D-148(01)M2070,"{CC(C)(c2ccc(OCC1CO1)cc2)c4ccc(OCC3CO3)cc4, NCCOCCOCCN, COCCOCCOCCOCCOCCOCCOCCOCCOCCOCCOCCOCCOCCOCCOCCOCCOCCOCCOCCOCCOCCOCCOCCOCCOCCOCCOCCOCCOCCOCCOCCOCCOCCOCC(C)OCC(C)OCC(C)OCC(C)OCC(C)OCC(C)OCC(C)OCC(C)OCC(C)OCC(C)N}",0.5:0.448:0.052,62.74,2.172,14.49,,,,,
145,"Feldkamp & Rousseau, 2010 [40]",D-148(002)M1000,"{CC(C)(c2ccc(OCC1CO1)cc2)c4ccc(OCC3CO3)cc4, NCCOCCOCCN, COCCOCCOCCOCCOCCOCCOCCOCCOCCOCCOCCOCCOCCOCCOCCOCCOCCOCCOCCOCCOCC(C)N}",0.5:0.489:0.011,94.57,2.006,25.3,,,,,
146,"Feldkamp & Rousseau, 2010 [40]",D-148(002)M2005,"{CC(C)(c2ccc(OCC1CO1)cc2)c4ccc(OCC3CO3)cc4, NCCOCCOCCN, COCCOCCOCCOCCOCCOCCOCCOCCOCCOCCOCCOCCOCCOCCOCCOCCOCCOCCOCCOCCOCCOCCOCCOCCOCCOCCOCCOCCOCCOCCOCCOCCOCCOCCOCCOCCOCCOCC(C)OCC(C)OCC(C)OCC(C)OCC(C)OCC(C)N}",0.5:0.489:0.011,98.56,1.636,22.69,,,,,
147,"Feldkamp & Rousseau, 2010 [40]",D-148(002)M2070,"{CC(C)(c2ccc(OCC1CO1)cc2)c4ccc(OCC3CO3)cc4, NCCOCCOCCN, COCCOCCOCCOCCOCCOCCOCCOCCOCCOCCOCCOCCOCCOCCOCCOCCOCCOCCOCCOCCOCCOCCOCCOCCOCCOCCOCCOCCOCCOCCOCCOCCOCCOCC(C)OCC(C)OCC(C)OCC(C)OCC(C)OCC(C)OCC(C)OCC(C)OCC(C)OCC(C)N}",0.5:0.489:0.011,91.39,2.159,22.51,,,,,
148,Altuna et al. 2016 [41],CS11,"{CC(C)(c2ccc(OCC1CO1)cc2)c4ccc(OCC3CO3)cc4, O=C(O)CC(O)(CC(=O)O)C(=O)O, O=C(O)CCCCCCCCC(=O)O}",0.524:0.238:0.238,53,1.095,5.12,,,,,
149,Altuna et al. 2016 [41],S12,"{CC(C)(c2ccc(OCC1CO1)cc2)c4ccc(OCC3CO3)cc4, O=C(O)CCCCCCCCC(=O)O}",0.55:0.45,30,1.022,1.96,,,,,
150,Altuna et al. 2016 [41],S15,"{CC(C)(c2ccc(OCC1CO1)cc2)c4ccc(OCC3CO3)cc4, O=C(O)CCCCCCCCC(=O)O}",0.6:0.4,51,1.079,8.05,,,,,
151,Altuna et al. 2016 [41],S20,"{CC(C)(c2ccc(OCC1CO1)cc2)c4ccc(OCC3CO3)cc4, O=C(O)CCCCCCCCC(=O)O}",0.67:0.33,54,1.0789,7.92,,,,,
152,Altuna et al. 2016 [41],G15,"{CC(C)(c2ccc(OCC1CO1)cc2)c4ccc(OCC3CO3)cc4,O=C(O)CCCC(=O)O}",0.6:0.4,62,1.068,6.84,,,,,
153,"Fan et al., 2013[42]",EPD230(0),"{CC(C)(c2ccc(OCCOCC1CO1)cc2)c4ccc(OCCOCC3CO3)cc4, O=C1OC(=O)C2CCCCC12}",0.68:0.32,83,1.032,8.6,,,,,
154,"Fan et al., 2013[42]",EPD230(20),"{CC(C)(c2ccc(OCCOCC1CO1)cc2)c4ccc(OCCOCC3CO3)cc4, CC(N)COCC(C)OCC(C)OCC(C)N, CC1(C)CC(N)CC(C)(CN)C1}",0.678:0.053:0.269,76,1.051,6.37,,,,,
155,"Fan et al., 2013[42]",EPD230(40),"{CC(C)(c2ccc(OCCOCC1CO1)cc2)c4ccc(OCCOCC3CO3)cc4, CC(N)COCC(C)OCC(C)OCC(C)N, CC1(C)CC(N)CC(C)(CN)C1}",0.674:0.112:0.214,69,1.021,5.85,,,,,
156,"Fan et al., 2013[42]",EPD230(60),"{CC(C)(c2ccc(OCCOCC1CO1)cc2)c4ccc(OCCOCC3CO3)cc4, CC(N)COCC(C)OCC(C)OCC(C)N, CC1(C)CC(N)CC(C)(CN)C1}",0.67:0.179:0.151,63,1.044,5.48,,,,,
157,"Fan et al., 2013[42]",EPD230(80),"{CC(C)(c2ccc(OCCOCC1CO1)cc2)c4ccc(OCCOCC3CO3)cc4, CC(N)COCC(C)OCC(C)OCC(C)N, CC1(C)CC(N)CC(C)(CN)C1}",0.665:0.254:0.081,53,1.017,5.02,,,,,
158,"Fan et al., 2014[43]",EP06(0),"{CC(C)(c2ccc(OCCOCC1CO1)cc2)c4ccc(OCCOCC3CO3)cc4, O=C1OC(=O)C2CCCCC12}",0.33:0.67,95,1.0845,11.48,,,,,
159,"Fan et al., 2014[43]",EP06(25),"{CC(C)(c2ccc(OCCOCC1CO1)cc2)c4ccc(OCCOCC3CO3)cc4, CC(C)(c2ccc(OCCOCCOCCOC1CO1)cc2)c4ccc(OCCOCCOCCC3CO3)cc4, O=C1OC(=O)C2CCCCC12}",0.264:0.063:0.673,80.5,1.083,9.99,,,,,
160,"Fan et al., 2014[43]",EP06(50),"{CC(C)(c2ccc(OCCOCC1CO1)cc2)c4ccc(OCCOCC3CO3)cc4, CC(C)(c2ccc(OCCOCCOCCOC1CO1)cc2)c4ccc(OCCOCCOCCC3CO3)cc4, O=C1OC(=O)C2CCCCC12}",0.191:0.138:0.672,66.9,1.039,7.46,,,,,
161,"Fan et al., 2014[43]",EP06(75),"{CC(C)(c2ccc(OCCOCC1CO1)cc2)c4ccc(OCCOCC3CO3)cc4,CC(C)(c2ccc(OCCOCCOCCOC1CO1)cc2)c4ccc(OCCOCCOCCC3CO3)cc4, O=C1OC(=O)C2CCCCC12}",0.104:0.226:0.67,54.05,1.06,6.97,,,,,
162,"Fan et al., 2014[43]",EP06(85),"{CC(C)(c2ccc(OCCOCC1CO1)cc2)c4ccc(OCCOCC3CO3)cc4,CC(C)(c2ccc(OCCOCCOCCOC1CO1)cc2)c4ccc(OCCOCCOCCC3CO3)cc4, O=C1OC(=O)C2CCCCC12}",0.065:0.266:0.669,46.43,1.022,6.81,,,,,
163,"Santiago et al, 2016b[44]",90D400-10LP,"{C(C)(c2ccc(OCC1CO1)cc2)c4ccc(OCC3CO3)cc4, CC(N)COCC(C)COCC(C)COCC(C)COCC(C)COCC(C)COCC(C)N, NCCNCCN(CCNCCC(CN)CCN)CCN(CCNCCN)CCN(CCN)CCN}",0.719:0.265:0.016,60,2.878,16,,,,,
164,"Santiago et al, 2016b[44]",60D400-40LP,"{CC(C)(c2ccc(OCC1CO1)cc2)c4ccc(OCC3CO3)cc4, CC(N)COCC(C)COCC(C)COCC(C)COCC(C)COCC(C)COCC(C)N, NCCNCCN(CCNCCC(CN)CCN)CCN(CCNCCN)CCN(CCN)CCN}",0.779:0.172:0.049,87,3.149,29,,,,,
165,"Santiago et al, 2016b[44]",300D400-70LP,"{CC(C)(c2ccc(OCC1CO1)cc2)c4ccc(OCC3CO3)cc4, CC(N)COCC(C)COCC(C)COCC(C)COCC(C)COCC(C)COCC(C)N, NCCNCCN(CCNCCC(CN)CCN)CCN(CCNCCN)CCN(CCN)CCN}",0.832:0.084:0.084,117,2.858,52,,,,,
166,"Wei et al., 2015[45]",A,"{CC(C)(C4CCC(OCC(O)COC3CCC(C(C)(C)C2CCC(OCC1CO1)CC2)CC3)CC4)C6CCC(OCC5CO5)CC6, CC(=O)C1CCCCC1C(C)=O}",0.33:0.67,113,1.097,16.2,,,,,
167,"Wei et al., 2015[45]",B,"{CC(C)(C4CCC(OCC(O)COC3CCC(C(C)(C)C2CCC(OCC1CO1)CC2)CC3)CC4)C6CCC(OCC5CO5)CC6,O=C(OCC1CO1)C3CC2OC2CC3C(=O)OCC4CO4, CC(=O)C1CCCCC1C(C)=O}",0.1765:0.1176:0.7059,121,1.08,16.93,,,,,
168,"Wei et al., 2015[45]",C,"{CC(C)(C4CCC(OCC(O)COC3CCC(C(C)(C)C2CCC(OCC1CO1)CC2)CC3)CC4)C6CCC(OCC5CO5)CC6,O=C(OCC1CO1)C3CC2OC2CC3C(=O)OCC4CO4, CC(=O)C1CCCCC1C(C)=O}",0.25:0.0625:0.6875,128,1.098,18.1,,,,,
169,"Wei et al., 2015[45]",D,"{CC(C)(C4CCC(OCC(O)COC3CCC(C(C)(C)C2CCC(OCC1CO1)CC2)CC3)CC4)C6CCC(OCC5CO5)CC6, O=C(OCC1CO1)C3CC2OC2CC3C(=O)OCC4CO4, CC(=O)C1CCCCC1C(C)=O}",0.212:0.091:0.697,135,1.109,18.51,,,,,
170,"Wei et al., 2015[45]",E,"{CC(C)(C4CCC(OCC(O)COC3CCC(C(C)(C)C2CCC(OCC1CO1)CC2)CC3)CC4)C6CCC(OCC5CO5)CC6, O=C(OCC1CO1)C3CC2OC2CC3C(=O)OCC4CO4, CC(=O)C1CCCCC1C(C)=O}",0.1765:0.1176:0.7059,142,1.109,19.8,,,,,
171,"Ma et al., 2017 [46]",MDS-EPO,"{Nc2ccc(SSc1ccc(N)cc1)cc2, C1OC1COC3COC4C(OC2CO2)COC34}",0.33:0.67,41.4,0.997,0.38,,,,,
172,"Ma et al., 2017 [46]",MDA-EPO,"{Nc2ccc(Cc1ccc(N)cc1)cc2, C1OC1COC3COC4C(OC2CO2)COC34}",0.33:0.67,37.3,1.064,0.38,,,,,
173,Hassan et al. 2015 [47],33 Bis A,"{Nc2cccc(S(=O)(=O)c1cccc(N)c1)c2, CC(C)(c2ccc(OCC1CO1)cc2)c4ccc(OCC3CO3)cc4}",0.33:0.67,187,9.34,24,,,,,
174,Hassan et al. 2015 [47],44 Bis A,"{Nc2cccc(S(=O)(=O)c1cccc(N)c1)c2, CC(C)(c2ccc(OCC1CO1)cc2)c4ccc(OCC3CO3)cc4}",0.33:0.67,219,9.131,28,,,,,
175,"Santiago et al, 2016[22]",70-30-FG,"{CC(C)(c4ccc(OCC(O)COc3ccc(C(C)(C)c2ccc(OCC1CO1)cc2)cc3)cc4)c6ccc(OCC5CO5)cc6, CC(N)COCC(C)N, CCNCCN(CCN)CCNCCN(CCNCCN(CC)CCN)CCN(CCNCC)CCN(CC)CCN}",0.85:0.14:0.01,77,3.105,23,,,,,
176,"Santiago et al, 2016[22]",40-60-FG,"{CC(C)(c4ccc(OCC(O)COc3ccc(C(C)(C)c2ccc(OCC1CO1)cc2)cc3)cc4)c6ccc(OCC5CO5)cc6, CC(N)COCC(C)N, CCNCCN(CCN)CCNCCN(CCNCCN(CC)CCN)CCN(CCNCC)CCN(CC)CCN}",0.89:0.08:0.03,104,3.221,41,,,,,
177,"Santiago et al, 2016[22]",90-10-PR,"{CC(C)(c4ccc(OCC(O)COc3ccc(C(C)(C)c2ccc(OCC1CO1)cc2)cc3)cc4)c6ccc(OCC5CO5)cc6, CC(N)COCC(C)N, CCNCCN(CCN)CCNCCN(CCNCCN(CC)CCN)CCN(CCNCC)CCN(CC)CCN}",0.81:0.19:0.01,56,3.05,15,,,,,
178,"Santiago et al, 2016[22]",80-20-PR,"{CC(C)(c4ccc(OCC(O)COc3ccc(C(C)(C)c2ccc(OCC1CO1)cc2)cc3)cc4)c6ccc(OCC5CO5)cc6, CC(N)COCC(C)N, CCNCCN(CCN)CCNCCN(CCNCCN(CC)CCN)CCN(CCNCC)CCN(CC)CCN}",0.82:0.17:0.01,64,3.111,18,,,,,
179,"Santiago et al, 2016[22]",70-30-PR,"{CC(C)(c4ccc(OCC(O)COc3ccc(C(C)(C)c2ccc(OCC1CO1)cc2)cc3)cc4)c6ccc(OCC5CO5)cc6, CC(N)COCC(C)N, CCNCCN(CCN)CCNCCN(CCNCCN(CC)CCN)CCN(CCNCC)CCN(CC)CCN}",0.84:0.14:0.02,70,3.253,22,,,,,
180,"Santiago et al, 2016[22]",60-40-PR,"{CC(C)(c4ccc(OCC(O)COc3ccc(C(C)(C)c2ccc(OCC1CO1)cc2)cc3)cc4)c6ccc(OCC5CO5)cc6, CC(N)COCC(C)N, CCNCCN(CCN)CCNCCN(CCNCCN(CC)CCN)CCN(CCNCC)CCN(CC)CCN}",0.86:0.12:0.02,79,3.008,23,,,,,
181,"Santiago et al, 2016[22]",50-50-PR,"{CC(C)(c4ccc(OCC(O)COc3ccc(C(C)(C)c2ccc(OCC1CO1)cc2)cc3)cc4)c6ccc(OCC5CO5)cc6,CC(N)COCC(C)N, CCNCCN(CCN)CCNCCN(CCNCCN(CC)CCN)CCN(CCNCC)CCN(CC)CCN}",0.88:0.1:0.02,89,3.166,32,,,,,
182,"Santiago et al, 2016[22]",40-60-PR,"{CC(C)(c4ccc(OCC(O)COc3ccc(C(C)(C)c2ccc(OCC1CO1)cc2)cc3)cc4)c6ccc(OCC5CO5)cc6, CC(N)COCC(C)N, CCNCCN(CCN)CCNCCN(CCNCCN(CC)CCN)CCN(CCNCC)CCN(CC)CCN}",0.89:0.08:0.03,99,2.936,44,,,,,
183,"Santiago et al, 2016[22]",30-70-PR,"{CC(C)(c4ccc(OCC(O)COc3ccc(C(C)(C)c2ccc(OCC1CO1)cc2)cc3)cc4)c6ccc(OCC5CO5)cc6, CC(N)COCC(C)N, CCNCCN(CCN)CCNCCN(CCNCCN(CC)CCN)CCN(CCNCC)CCN(CC)CCN}",0.91:0.06:0.03,112,2.871,58,,,,,
184,"Tanpikasit et al, 2014 [48]",BA-a 30 mol%,"{CC(C)(c3ccc2OCN(c1ccccc1)Cc2c3)c6ccc5OCN(c4ccccc4)Cc5c6, CC(C)(COCC1CO1)COCC2CO2}",0.3:0.7,51,8.148,39.04,,,,,
185,"Tanpikasit et al, 2014 [48]",BA-a 40 mol%,"{CC(C)(c3ccc2OCN(c1ccccc1)Cc2c3)c6ccc5OCN(c4ccccc4)Cc5c6, CC(C)(COCC1CO1)COCC2CO2}",0.4:0.6,88,8.527,80.76,,,,,
186,"Tanpikasit et al, 2014 [48]",BA-a 50 mol%,"{CC(C)(c3ccc2OCN(c1ccccc1)Cc2c3)c6ccc5OCN(c4ccccc4)Cc5c6, CC(C)(COCC1CO1)COCC2CO2}",0.5:0.5,140,8.892,171.97,,,,,
187,"Tanpikasit et al, 2015 [49]",BA-a 30 mol%,"{CC(C)(c3ccc2OCN(c1ccccc1)Cc2c3)c6ccc5OCN(c4ccccc4)Cc5c6, CC(C)(COCC1CO1)COCC2CO2}",0.3:0.7,51,8.557,37.89,,,,,
188,"Tanpikasit et al, 2015 [49]",BA-a 35 mol%,"{CC(C)(c3ccc2OCN(c1ccccc1)Cc2c3)c6ccc5OCN(c4ccccc4)Cc5c6, CC(C)(COCC1CO1)COCC2CO2}",0.35:0.65,70,8.614,44.22,,,,,
189,"Tanpikasit et al, 2015 [49]",BA-a 40 mol%,"{CC(C)(c3ccc2OCN(c1ccccc1)Cc2c3)c6ccc5OCN(c4ccccc4)Cc5c6, CC(C)(COCC1CO1)COCC2CO2}",0.4:0.6,88,8.699,80.52,,,,,
190,"Tanpikasit et al, 2015 [49]",BA-a 45 mol%,"{CC(C)(c3ccc2OCN(c1ccccc1)Cc2c3)c6ccc5OCN(c4ccccc4)Cc5c6, CC(C)(COCC1CO1)COCC2CO2}",0.45:0.55,122,8.826,95.41,,,,,
191,"Tanpikasit et al, 2015 [49]",BA-a 50 mol%,"{CC(C)(c3ccc2OCN(c1ccccc1)Cc2c3)c6ccc5OCN(c4ccccc4)Cc5c6, CC(C)(COCC1CO1)COCC2CO2}",0.5:0.5,140,8.897,129.76,,,,,
192,"Wu et al, 2019[5]",DLP SMP #1,"{C=C(C)C(=O)OCCCC, C=CC(=O)OCCCCCCOC(=O)C=C}",0.94:0.06,48.7,0.922,38.6,25.88,,,,
193,"Wu et al, 2019[5]",DLP SMP #2,"{C=C(C)C(=O)OCCCC, C=CC(=O)OCCCCCCOC(=O)C=C}",0.88:0.12,52.9,1.084,41.3,25.03,,,,
194,"Wu et al, 2019[5]",DLP SMP #4,"{C=C(C)C(=O)OCCCC, C=CC(=O)OCCCCCCOC(=O)C=C}",0.73:0.27,67.6,1.477,46.5,25.28,,,,
195,"Wu et al, 2019[5]",DLP SMP #5,"{C=C(C)C(=O)OCCCC, C=CC(=O)OCCCCCCOC(=O)C=C}",0.64:0.36,76.3,1.482,49.1,25.42,,,,
196,"Choong et al , 2016[11]",tba-DEGDA(80-20),"{C=C(C)C(=O)OCCCC,  C=CC(=O)OCCOCCOC(=O)C=C}",0.87:0.13,61.5,9.615,,,,,,
197,"Choong et al , 2016[11]",tba-DEGDA(70-30),"{C=C(C)C(=O)OCCCC, C=CC(=O)OCCOCCOC(=O)C=C}",0.8:0.2,65.4,9.17,,,,,,
198,"Zheng et al, 2015 [16]",EPON2,"{CC(C)(c4ccc(OCC(O)COc3ccc(C(C)(C)c2ccc(OCC1CO1)cc2)cc3)cc4)c6ccc(OCC5CO5)cc6, CC(N)COCC(C)N}",0.57:0.43,70,10.346,7.39,,,,,
199,"Zheng et al, 2015 [16]",EPON3,"{CC(C)(c4ccc(OCC(O)COc3ccc(C(C)(C)c2ccc(OCC1CO1)cc2)cc3)cc4)c6ccc(OCC5CO5)cc6, CC(N)COCC(C)N}",0.63:0.37,79,9.938,13.85,,,,,
200,"Lakhera et al, 2012 [20]",tba-co-XLS(20%),"{C=C(C)C(=C)OCOCCOC(=O)C(=C)C, C=C(C)C(=O)OCCOCCOCCOCCOCCOCCOCCOCCOCCOC(=O)C(=C)C, C=CC(=O)OC(C)(C)C}",0.91:0.06:0.03,53.35,8.51,4.38,,,,,
201,"Lakhera et al, 2012 [20]",tba-co-XLS(30%),"{C=C(C)C(=C)OCOCCOC(=O)C(=C)C, C=C(C)C(=O)OCCOCCOCCOCCOCCOCCOCCOCCOCCOC(=O)C(=C)C, C=CC(=O)OC(C)(C)C}",0.64:0.25:0.11,57.11,8.51,11.56,,,,,
202,"Jo et al, 2018 [29]",D230-5,"{CC(C)(c4ccc(OCC(O)COc3ccc(C(C)(C)c2ccc(OCC1CO1)cc2)cc3)cc4)c6ccc(OCC5CO5)cc6, Nc2ccc(Cc1ccc(N)cc1)cc2, CC(N)COCC(C)N}",0.73:0.23:0.04,113.8,2.801,6.6,,,,,
203,"Jo et al, 2018 [29]",D230-15,"{CC(C)(c4ccc(OCC(O)COc3ccc(C(C)(C)c2ccc(OCC1CO1)cc2)cc3)cc4)c6ccc(OCC5CO5)cc6, Nc2ccc(Cc1ccc(N)cc1)cc2, CC(N)COCC(C)N}",0.75:0.24:0.01,146.5,2.046,21.2,,,,,
204,"Jo et al, 2018 [29]",D400-6,"{CC(C)(c4ccc(OCC(O)COc3ccc(C(C)(C)c2ccc(OCC1CO1)cc2)cc3)cc4)c6ccc(OCC5CO5)cc6, Nc2ccc(Cc1ccc(N)cc1)cc2, CC(N)COCC(C)N}",0.73:0.23:0.04,114.3,2.297,7.8,,,,,
205,"Jo et al, 2018 [29]",D400-11,"{CC(C)(c4ccc(OCC(O)COc3ccc(C(C)(C)c2ccc(OCC1CO1)cc2)cc3)cc4)c6ccc(OCC5CO5)cc6, Nc2ccc(Cc1ccc(N)cc1)cc2, CC(N)COCC(C)N}",0.7:0.22:0.08,122.5,2.17,13.8,,,,,
206,"Ortega et al, 2012[21]",tba-co-PEGDMA(2%),"{C=C(C)C(=O)OCCCC, CC(=O)OCCOCCOCCOCCOCCOCCOCCOCCOCCOCCOC(=O)C(C)=O, C=C(C)C(=O)OCCOCCOCCOCCOCCOC(=O)C(C)=O}",0.994:0.002:0.004,57,1.087,1.1,,,,,
207,"Ortega et al, 2012[21]",tba-co-PEGDMA(40%),"{C=C(C)C(=O)OCCCC, CC(=O)OCCOCCOCCOCCOCCOCCOCCOCCOCCOCCOC(=O)C(C)=O, C=C(C)C(=O)OCCOCCOCCOCCOCCOC(=O)C(C)=O}",0.834:0.103:0.063,55,1.095,23.4,,,,,
208,"Cheng et al , 2020[25]",DER-NMA-0.05TEOA,"{CC(C)(c2ccc(OCC1CO1)cc2)c4ccc(OCC3CO3)cc4, CC2=CC(C)(C)C1C(=O)OC(=O)C1C2C, OCCN(CCO)CCO}",0.488:0.488:0.024,124.4,1.995,12,,,,,
209,"Cheng et al , 2020[25]",DER-NMA-0.15TEOA5,"{CC(C)(c2ccc(OCC1CO1)cc2)c4ccc(OCC3CO3)cc4, CC2=CC(C)(C)C1C(=O)OC(=O)C1C2C, OCCN(CCO)CCO}",0.465:0.465:0.07,124.1,2.11,10,,,,,
210,"Cheng et al , 2020[25]",DER-NMA-0.2TEOA,"{CC(C)(c2ccc(OCC1CO1)cc2)c4ccc(OCC3CO3)cc4, CC2=CC(C)(C)C1C(=O)OC(=O)C1C2C, OCCN(CCO)CCO}",0.45:0.45:0.1,119,1.949,5,,,,,
211,"Chen et al, 2018[28]",EVC3S7,"{CC(C)(c2ccc(OCC1CC1)cc2)c4ccc(OCC3CO3)cc4, O=C(O)CCCCCCCCC(=O)O, O=C(O)C1CCC(C(=O)O)CC1}",0.5:0.35:0.15,46.6,1.768,-,,,,,
212,"Chen et al, 2018[28]",EVC4S6,"{CC(C)(c2ccc(OCC1CC1)cc2)c4ccc(OCC3CO3)cc4, O=C(O)CCCCCCCCC(=O)O, O=C(O)C1CCC(C(=O)O)CC1}",0.5:0.3:0.2,50.3,1.865,-,,,,,
213,"Xie et al, 2009[30]", DA1,"{CC(C)(c2ccc(OCC1CO1)cc2)c4ccc(OCC3CO3)cc4, CC(N)COCC(C)OCC(C)OCC(C)N, CCCCCCCCCCN}",0.62:0.23:0.15,76.31,8.963,11.6,,,,,
214,"Xie et al, 2009[30]",DA2,"{CC(C)(c2ccc(OCC1CO1)cc2)c4ccc(OCC3CO3)cc4, CC(N)COCC(C)OCC(C)OCC(C)N, CCCCCCCCCCN}",0.57:0.14:0.29,64.53,9.028,7.42,,,,,
215,"Xie et al, 2009[30]",DA3,"{CC(C)(c2ccc(OCC1CO1)cc2)c4ccc(OCC3CO3)cc4, CC(N)COCC(C)OCC(C)OCC(C)N, CCCCCCCCCCN}",0.53:0.07:0.4,76.31,8.982,3.04,,,,,
216,"Xie et al, 2009[30]",NGDE1,"{CC(C)(c2ccc(OCC1CO1)cc2)c4ccc(OCC3CO3)cc4, CC(N)COCC(C)OCC(C)OCC(C)N, CC(C)(COCC1CO1)COCC2CO2}",0.5:0.33:0.17,57.87,9.148,13.98,,,,,
217,"Xie et al, 2009[30]",NGDE2,"{CC(C)(c2ccc(OCC1CO1)cc2)c4ccc(OCC3CO3)cc4, CC(N)COCC(C)OCC(C)OCC(C)N, CC(C)(COCC1CO1)COCC2CO2}",0.33:0.33:0.33,37.64,9.146,9.78,,,,,
218,"Xie et al, 2009[30]",NGDE3,"{CC(C)(c2ccc(OCC1CO1)cc2)c4ccc(OCC3CO3)cc4, CC(N)COCC(C)OCC(C)OCC(C)N, CC(C)(COCC1CO1)COCC2CO2}",0.17:0.33:0.5,23.17,9.036,4.78,,,,,
219,"Lin and Chen,1999[10]",A5,"{O=C=Nc2ccc(Cc1ccc(N=C=O)cc1)cc2, COCCCCOC(=O)CCCCC(=O)OCCCCOC(=O)CCCCC(=O)OCCCCOC(=O)CCCCC(C)=O, CCC(CO)(CO)CO}",0.588:0.059:0.353,135.59,9.391,10.28,,,,,
220,"Lin and Chen,1999[10]",A6,"{O=C=Nc2ccc(Cc1ccc(N=C=O)cc1)cc2, COCCCCOC(=O)CCCCC(=O)OCCCCOC(=O)CCCCC(=O)OCCCCOC(=O)CCCCC(C)=O, CCC(CO)(CO)CO}",0.59:0.049:0.361,135.59,9.391,12.87,,,,,
221,"Lin and Chen,1999[10]",B2,"{O=C=Nc2ccc(Cc1ccc(N=C=O)cc1)cc2, COCCCCOC(=O)CCCCC(=O)OCCCCOC(=O)CCCCC(=O)OCCCCOC(=O)CCCCC(=O)OCCCCOC(=O)CCCCC(=O)OCCCCOC(=O)CCCCC(=O)OCCCCOC(=O)CCCCC(=O)OCCCCOC(=O)CCCCC(C)=O, CCC(CO)(CO)CO}",0.571:0.143:0.286,15.45,9.357,1.61,,,,,
222,"Lin and Chen,1999[10]",B3,"{O=C=Nc2ccc(Cc1ccc(N=C=O)cc1)cc2, COCCCCOC(=O)CCCCC(=O)OCCCCOC(=O)CCCCC(=O)OCCCCOC(=O)CCCCC(=O)OCCCCOC(=O)CCCCC(=O)OCCCCOC(=O)CCCCC(=O)OCCCCOC(=O)CCCCC(=O)OCCCCOC(=O)CCCCC(C)=O, CCC(CO)(CO)CO}",0.581:0.097:0.323,42.09,9.357,4.3,,,,,
223,"Lin and Chen,1999[10]",B4,"{O=C=Nc2ccc(Cc1ccc(N=C=O)cc1)cc2, COCCCCOC(=O)CCCCC(=O)OCCCCOC(=O)CCCCC(=O)OCCCCOC(=O)CCCCC(=O)OCCCCOC(=O)CCCCC(=O)OCCCCOC(=O)CCCCC(=O)OCCCCOC(=O)CCCCC(=O)OCCCCOC(=O)CCCCC(C)=O, CCC(CO)(CO)CO}",0.585:0.073:0.341,54.81,9.357,5.74,,,,,
224,"Lin and Chen,1999[10]",B5,"{O=C=Nc2ccc(Cc1ccc(N=C=O)cc1)cc2, COCCCCOC(=O)CCCCC(=O)OCCCCOC(=O)CCCCC(=O)OCCCCOC(=O)CCCCC(=O)OCCCCOC(=O)CCCCC(=O)OCCCCOC(=O)CCCCC(=O)OCCCCOC(=O)CCCCC(=O)OCCCCOC(=O)CCCCC(C)=O, CCC(CO)(CO)CO}",0.588:0.059:0.353,63.14,9.357,14.83,,,,,
225,"Lin and Chen,1999[10]",B6,"{O=C=Nc2ccc(Cc1ccc(N=C=O)cc1)cc2, COCCCCOC(=O)CCCCC(=O)OCCCCOC(=O)CCCCC(=O)OCCCCOC(=O)CCCCC(=O)OCCCCOC(=O)CCCCC(=O)OCCCCOC(=O)CCCCC(=O)OCCCCOC(=O)CCCCC(=O)OCCCCOC(=O)CCCCC(C)=O, CCC(CO)(CO)CO}",0.59:0.049:0.361,67.52,9.318,15.3,,,,,
226,"Grauzeliene et al., 2022[50]",100D,"{C=CC(=O)OCC(O)COc1ccccc1, C=C/C(=C\C(OC)=C(C)\OCC(O)COC(=C)C(=C)C)COCC(O)COC(=O)C(=C)C}",0:1,50,1.081,0.3,,,,,
227,"Grauzeliene et al., 2022[50]",80D/20H,"{C=CC(=O)OCC(O)COc1ccccc1, C=C/C(=C\C(OC)=C(C)\OCC(O)COC(=C)C(=C)C)COCC(O)COC(=O)C(=C)C}",0.2:0.8,30,1.364,0.09,,,,,
228,"Grauzeliene et al., 2022[50]",60D/40H,"{C=CC(=O)OCC(O)COc1ccccc1, C=C/C(=C\C(OC)=C(C)\OCC(O)COC(=C)C(=C)C)COCC(O)COC(=O)C(=C)C}",0.4:0.6,22,1.482,0.08,,,,,
229,"Grauzeliene et al., 2022[50]",40D/60H,"{C=CC(=O)OCC(O)COc1ccccc1, C=C/C(=C\C(OC)=C(C)\OCC(O)COC(=C)C(=C)C)COCC(O)COC(=O)C(=C)C}",0.6:0.4,43,1.545,0.24,,,,,
230,"Grauzeliene et al., 2022[50]",20D/80H,"{C=CC(=O)OCC(O)COc1ccccc1, C=C/C(=C\C(OC)=C(C)\OCC(O)COC(=C)C(=C)C)COCC(O)COC(=O)C(=C)C}",0.8:0.2,12,1.645,0.13,,,,,
231,"Song, Wang and Wang, 2011[51]", #1,"{CC(C)(c2ccc(OCC1CO1)cc2)c4ccc(OCC3CO3)cc4, Nc2ccc(Cc1ccc(N)cc1)cc2}",0.79:0.21,55.8,8.084,1.87,,,,,
232,"Song, Wang and Wang, 2011[51]", #2,"{CC(C)(c2ccc(OCC1CO1)cc2)c4ccc(OCC3CO3)cc4, Nc2ccc(Cc1ccc(N)cc1)cc2}",0.77:0.23,79.8,8.175,4.72,,,,,
233,"Song, Wang and Wang, 2011[51]", #4,"{CC(C)(c2ccc(OCC1CO1)cc2)c4ccc(OCC3CO3)cc4, Nc1cccc(N)c1",0.82:0.18,56.1,8.428,1.53,,,,,
234,"Song, Wang and Wang, 2011[51]",#5,"{CC(C)(c2ccc(OCC1CO1)cc2)c4ccc(OCC3CO3)cc4,Nc2ccc(Cc1ccc(N)cc1)cc2, Nc1cccc(N)c1}",0.785:0.124:0.091,72.2,8.256,5.22,,,,,
235,"Song, Wang and Wang, 2011[51]",#6,"{CC(C)(c2ccc(OCC1CO1)cc2)c4ccc(OCC3CO3)cc4, Nc2ccc(Cc1ccc(N)cc1)cc2, Nc1cccc(N)c1}",0.787:0.145:0.068,83.2,8.357,3.77,,,,,
236,"Yakacki et al., 2007[52]",10% wt,"{C=C(C)C(=O)OCCOCCOCCOCCOCCOCCOCCOCCOCCOCCOCCOCCOCCOCCOCCOCCOCCOC(=O)C(=C)C, C=CC(=O)OC(C)(C)C}",0.02:0.98,52.2,0.915,1.53,,,,,
237,"Yakacki et al., 2007[52]",20%wt,"{C=C(C)C(=O)OCCOCCOCCOCCOCCOCCOCCOCCOCCOCCOCCOCCOCCOCCOCCOCCOCCOC(=O)C(=C)C, C=CC(=O)OC(C)(C)C}",0.04:0.96,51.4,0.935,6.33,,,,,
238,"Yakacki et al., 2007[52]",40% wt,"{C=C(C)C(=O)OCCOCCOCCOCCOCCOCCOCCOCCOCCOCCOCCOCCOCCOCCOCCOCCOCCOC(=O)C(=C)C, C=CC(=O)OC(C)(C)C}",0.09:0.91,49.9,0.931,12.7,,,,,
239,"Giebler et al., 2020[53]",3-DGOA-0.25-Zn,"{c3cc(N(CC1CC1)CC2CO2)ccc3OCC4CO4, O=C1CCCC(=O)O1}",0.41:0.59,120,1.16,125,,,,,
240,"Giebler et al., 2020[53]",3-DGOA-0.5,"{c3cc(N(CC1CC1)CC2CO2)ccc3OCC4CO4, O=C1CCCC(=O)O1}",0.26:0.74,125,1.135,188,,,,,
241,"Giebler et al., 2020[53]",4-DGA-0.5-Zn,"{c3cc(N(CC1CO1)CC2CO2)ccc3Cc6ccc(N(CC4CO4)CC5CO5)cc6, O=C1CCCC(=O)O1}",0.22:0.78,130,1.149,298,,,,,
242,"Giebler et al., 2020[53]",4-DGA-0.25-Zn,"{c3cc(N(CC1CO1)CC2CO2)ccc3Cc6ccc(N(CC4CO4)CC5CO5)cc6, O=C1CCCC(=O)O1}",0.35:0.65,122,1.138,72,,,,,
243,"Zhao et al., 2019[54]",36,"{COc3cc(Cc2cc1OCC(CO)Oc1cc2C)ccc3OCC4CO4, COc4cc(Cc3ccc(OCC1CO1)c(OCC2CO2)c3)ccc4OCC5CO5}",0.36:0.64,38,7.998,-,,,,,
244,"Zhao et al., 2019[54]",60,"{COc3cc(Cc2cc1OCC(CO)Oc1cc2C)ccc3OCC4CO4, COc4cc(Cc3ccc(OCC1CO1)c(OCC2CO2)c3)ccc4OCC5CO5}",0.6:0.4,34,7.831,-,,,,,
245,"Qiu et al., 2017[55]",co-SMPI01 ,"{Nc3cccc(Oc2cccc(Oc1cccc(N)c1)c2)c3, CC(C)(c3ccc(Oc2ccc1c(=O)oc(=O)c1c2)cc3)c6ccc(Oc5ccc4c(=O)oc(=O)c4c5)cc6, Nc4ccc(Oc3ccc(c2ccc(Oc1ccc(N)cc1)cc2)cc3)cc4}",0.1:0.9:0,183,1.91,-,,,,,
246,"Qiu et al., 2017[55]",co-SMPI02,"{Nc3cccc(Oc2cccc(Oc1cccc(N)c1)c2)c3, CC(C)(c3ccc(Oc2ccc1c(=O)oc(=O)c1c2)cc3)c6ccc(Oc5ccc4c(=O)oc(=O)c4c5)cc6, Nc4ccc(Oc3ccc(c2ccc(Oc1ccc(N)cc1)cc2)cc3)cc4}",0.09:0.9:0.01,189,1.83,-,,,,,
247,"Qiu et al., 2017[55]",co-SMPI03,"{Nc3cccc(Oc2cccc(Oc1cccc(N)c1)c2)c3, CC(C)(c3ccc(Oc2ccc1c(=O)oc(=O)c1c2)cc3)c6ccc(Oc5ccc4c(=O)oc(=O)c4c5)cc6, Nc4ccc(Oc3ccc(c2ccc(Oc1ccc(N)cc1)cc2)cc3)cc4}",0.07:0.9:0.03,197,1.87,-,,,,,
248,"Qiu et al., 2017[55]",co-SMPI04,"{Nc3cccc(Oc2cccc(Oc1cccc(N)c1)c2)c3, CC(C)(c3ccc(Oc2ccc1c(=O)oc(=O)c1c2)cc3)c6ccc(Oc5ccc4c(=O)oc(=O)c4c5)cc6, Nc4ccc(Oc3ccc(c2ccc(Oc1ccc(N)cc1)cc2)cc3)cc4}",0.05:0.9:0.05,208,1.68,-,,,,,
249,"Qiu et al., 2017[55]",co-SMPI05,"{Nc3cccc(Oc2cccc(Oc1cccc(N)c1)c2)c3, CC(C)(c3ccc(Oc2ccc1c(=O)oc(=O)c1c2)cc3)c6ccc(Oc5ccc4c(=O)oc(=O)c4c5)cc6, Nc4ccc(Oc3ccc(c2ccc(Oc1ccc(N)cc1)cc2)cc3)cc4}",0.03:0.9:0.07,218,1.6,-,,,,,
250,"Qiu et al., 2017[55]",co-SMPI06,"{Nc3cccc(Oc2cccc(Oc1cccc(N)c1)c2)c3, CC(C)(c3ccc(Oc2ccc1c(=O)oc(=O)c1c2)cc3)c6ccc(Oc5ccc4c(=O)oc(=O)c4c5)cc6, Nc4ccc(Oc3ccc(c2ccc(Oc1ccc(N)cc1)cc2)cc3)cc4}",0.01:0.9:0.09,225,1.52,-,,,,,
251,"Qiu et al., 2017[55]",co-SMPI07,"{Nc3cccc(Oc2cccc(Oc1cccc(N)c1)c2)c3, CC(C)(c3ccc(Oc2ccc1c(=O)oc(=O)c1c2)cc3)c6ccc(Oc5ccc4c(=O)oc(=O)c4c5)cc6, Nc4ccc(Oc3ccc(c2ccc(Oc1ccc(N)cc1)cc2)cc3)cc4}",0:0.9:0.1,230,1.31,-,,,,,
252,"Karger-Kocsis et al, 2014[56]",EP/ESO 100/0,"{CC(C)(c2ccc(OCC1CC1)cc2)c4ccc(OCC3CO3)cc4, CCCCCCCCC1OC1CCCCCCCC(=O)OCC(COC(=O)CCCCCCCC2OC2CC3OC3CCCCC)OC(=O)CCCCCCCC4OC4CCCCCCCC}",1:0,118.53,2.722,82,,,,,
253,"Karger-Kocsis et al, 2014[56]",EP/ESO 75/25,"{CC(C)(c2ccc(OCC1CC1)cc2)c4ccc(OCC3CO3)cc4, CCCCCCCCC1OC1CCCCCCCC(=O)OCC(COC(=O)CCCCCCCC2OC2CC3OC3CCCCC)OC(=O)CCCCCCCC4OC4CCCCCCCC}",0.75:0.25,115.02,2.445,81,,,,,
254,"Karger-Kocsis et al, 2014[56]",EP/ESO 50/50,"{CC(C)(c2ccc(OCC1CC1)cc2)c4ccc(OCC3CO3)cc4, CCCCCCCCC1OC1CCCCCCCC(=O)OCC(COC(=O)CCCCCCCC2OC2CC3OC3CCCCC)OC(=O)CCCCCCCC4OC4CCCCCCCC}",0.5:0.5,119.69,2.301,67,,,,,
255,"Karger-Kocsis et al, 2014[56]",EP/ESO 25/75,"{CC(C)(c2ccc(OCC1CC1)cc2)c4ccc(OCC3CO3)cc4, CCCCCCCCC1OC1CCCCCCCC(=O)OCC(COC(=O)CCCCCCCC2OC2CC3OC3CCCCC)OC(=O)CCCCCCCC4OC4CCCCCCCC}",0.25:0.75,116.99,1.958,60,,,,,
256,"Karger-Kocsis et al, 2014[56]",EP/ESO 0/100,"{CC(C)(c2ccc(OCC1CC1)cc2)c4ccc(OCC3CO3)cc4, CCCCCCCCC1OC1CCCCCCCC(=O)OCC(COC(=O)CCCCCCCC2OC2CC3OC3CCCCC)OC(=O)CCCCCCCC4OC4CCCCCCCC}",0:1,109.36,1.705,55,,,,,
257,"Nicolas et al., 2020[57]",TRI-80%,"{CCCCCCCCC1OC1CCCCCCCC(=O)OCC(COC(=O)CCCCCCCC2OC2CCCCCCCC)OC(=O)CCCCCCCC3OC3CC4OC4CCCCC, c5cc(C(c2ccc(OCC1CO1)cc2)c4ccc(OCC3CO3)cc4)ccc5OCC6CO6, O=C(O)CCCC(=O)O}",0.1:0.8:0.1,16,13.438,123.1,,,,,
258,"Nicolas et al., 2020[57]",TRI-60%,"{CCCCCCCCC1OC1CCCCCCCC(=O)OCC(COC(=O)CCCCCCCC2OC2CCCCCCCC)OC(=O)CCCCCCCC3OC3CC4OC4CCCCC, c5cc(C(c2ccc(OCC1CO1)cc2)c4ccc(OCC3CO3)cc4)ccc5OCC6CO6, O=C(O)CCCC(=O)O}",0.2:0.6:0.2,34,13.042,47.3,,,,,
259,"Nicolas et al., 2020[57]",TRI-40%,"{CCCCCCCCC1OC1CCCCCCCC(=O)OCC(COC(=O)CCCCCCCC2OC2CCCCCCCC)OC(=O)CCCCCCCC3OC3CC4OC4CCCCC, c5cc(C(c2ccc(OCC1CO1)cc2)c4ccc(OCC3CO3)cc4)ccc5OCC6CO6, O=C(O)CCCC(=O)O}",0.214:0.571:0.214,59,10.357,36.2,,,,,
260,"Nicolas et al., 2020[57]",TRI-20%,"{CCCCCCCCC1OC1CCCCCCCC(=O)OCC(COC(=O)CCCCCCCC2OC2CCCCCCCC)OC(=O)CCCCCCCC3OC3CC4OC4CCCCC, c5cc(C(c2ccc(OCC1CO1)cc2)c4ccc(OCC3CO3)cc4)ccc5OCC6CO6, O=C(O)CCCC(=O)O}",0.4:0.2:0.4,102,9.368,17.6,,,,,
